-- phpMyAdmin SQL Dump
-- version 4.0.10.18
-- https://www.phpmyadmin.net
--
-- Servidor: localhost:3306
-- Tiempo de generación: 23-12-2017 a las 00:52:52
-- Versión del servidor: 5.6.36-cll-lve
-- Versión de PHP: 5.6.30

SET SQL_MODE = "NO_AUTO_VALUE_ON_ZERO";
SET time_zone = "+00:00";


/*!40101 SET @OLD_CHARACTER_SET_CLIENT=@@CHARACTER_SET_CLIENT */;
/*!40101 SET @OLD_CHARACTER_SET_RESULTS=@@CHARACTER_SET_RESULTS */;
/*!40101 SET @OLD_COLLATION_CONNECTION=@@COLLATION_CONNECTION */;
/*!40101 SET NAMES utf8 */;

--
-- Base de datos: `avanteDB`
--

-- --------------------------------------------------------

--
-- Estructura de tabla para la tabla `calles`
--

CREATE TABLE IF NOT EXISTS `calles` (
  `idCalle` int(11) NOT NULL AUTO_INCREMENT,
  `calle` varchar(150) COLLATE utf8_spanish_ci NOT NULL,
  `colonia` int(11) NOT NULL,
  PRIMARY KEY (`idCalle`),
  KEY `idCalle` (`idCalle`)
) ENGINE=InnoDB  DEFAULT CHARSET=utf8 COLLATE=utf8_spanish_ci AUTO_INCREMENT=423 ;

--
-- Volcado de datos para la tabla `calles`
--

INSERT INTO `calles` (`idCalle`, `calle`, `colonia`) VALUES
(1, '6 oriente', 206),
(2, 'PRIVADA JUAN PABLO II', 216),
(3, 'calle 8', 215),
(4, 'calle 7', 215),
(5, 'calle 18', 215),
(6, 'calle 22', 215),
(7, 'privada san juaquin', 216),
(8, '28 sur', 224),
(9, 'tlaloc', 224),
(10, '24 sur', 224),
(11, 'benito juarez', 224),
(12, 'avenida  enrique  mont solorzano', 224),
(13, 'vicente suarez', 156),
(14, '26 sur', 166),
(15, '25 poniente', 2),
(16, '14 sur', 2),
(17, 'gustavo diaz ordaz', 2),
(18, 'heroes de nacozari', 2),
(19, 'calle constituyentes', 2),
(20, '8 sur', 15),
(21, 'republica de peru', 15),
(22, '23 poniente', 15),
(23, 'republica de panama', 15),
(24, 'privada mariano matamoros', 22),
(25, '9  poniente', 100),
(26, 'miguel lerdo de tejada', 100),
(27, '6 sur', 100),
(28, '9 poniente', 100),
(29, 'alamo', 149),
(30, 'esmeralda', 67),
(31, 'francisco i madero', 6),
(32, '27 poniente', 6),
(33, '24 sur', 6),
(34, 'cerrada aldama', 98),
(35, '25 poniente', 18),
(36, 'lazaro cardenas', 60),
(37, '1 poniente', 200),
(38, '1 sur', 200),
(39, 'Santa Isabel ', 200),
(40, 'Avenida Chilac', 200),
(41, 'Hidalgo ', 200),
(42, 'Avenida Nacional ', 200),
(43, 'Victoria ', 200),
(44, ' Callejon Victoria ', 200),
(45, 'Cajeron Nacional ', 200),
(46, ' Primer Cajeron ', 200),
(47, ' Prolongacion  2 oriente', 200),
(48, '2  Poniente ', 200),
(49, 'Privada Nacional ', 200),
(50, '5 Norte ', 200),
(51, '6 sur ', 200),
(52, '5 Sur ', 200),
(53, '4 Sur ', 200),
(54, '3 Sur ', 200),
(55, '2 sur', 200),
(56, '19  sur ', 117),
(57, '17  sur', 117),
(58, '19  sur', 81),
(59, '17 sur', 81),
(60, '15 sur', 81),
(61, '23  sur', 81),
(62, '25 oriente ', 81),
(63, '17 oriente ', 135),
(64, 'Mexico ', 135),
(65, 'Privada 11 sur ', 117),
(66, '17 oriente', 117),
(67, 'Privada 3 oriente', 117),
(68, 'Hector  Lezama  Surroca', 117),
(69, '3 oriente', 117),
(70, 'tercera privada de la 3 oriente', 117),
(71, '13 sur ', 114),
(72, 'La paz ', 114),
(73, '13 oriente ', 114),
(74, 'Gabino Barrera ', 92),
(75, 'Gabino Barrera ', 142),
(76, 'Gabino Barrera ', 184),
(77, ' Prolongacion Gabino Barrera ', 92),
(78, '7 sur ', 123),
(79, '23 sur', 31),
(80, 'Privada Indio Pipila ', 27),
(81, '27sur ', 123),
(82, 'Imbiras ', 170),
(83, 'Fresnos ', 170),
(84, 'Arboledas', 170),
(85, 'Gigante  Valdivia ', 153),
(86, 'Camino Viejo a san Diego ', 153),
(87, 'Estrella Polar ', 68),
(88, 'Hacienda el Carmen ', 128),
(89, 'Callejon Campeche ', 253),
(90, 'Quintana Roo', 253),
(91, 'Privada  Algodon ', 253),
(92, 'Coahuila  ', 253),
(93, 'callejon guerrerro ', 253),
(94, 'Nuevo Leon ', 253),
(95, 'Sonora Sur ', 253),
(96, '32 sur ', 253),
(97, 'Sonora ', 253),
(98, 'Avenida Campeche ', 253),
(99, '23 Poniente ', 253),
(100, 'Tabasco ', 253),
(101, '5 de septiembre ', 253),
(102, '21 poniente  ', 253),
(103, '25 poniente  ', 253),
(104, '19 poniente  ', 253),
(105, 'callejon Lomas Bonita', 253),
(106, 'Privada  25 Poniente', 253),
(107, 'Privada 30 sur ', 166),
(108, '30 sur ', 166),
(109, 'Cantera ', 226),
(110, 'Miguel Hidalgo  ', 226),
(111, 'Sonora', 254),
(112, 'Tercera privada de campeche', 254),
(113, 'Tamaulipas ', 254),
(114, 'Sonora Norte', 254),
(115, 'Coahulia', 254),
(116, 'Primera Privada 25 Poniente', 254),
(117, ' Privada  Maestro Joaquin ', 254),
(118, 'pino', 6),
(119, 'Jael ', 6),
(120, 'Privada Cristobal Colon ', 255),
(121, 'calle 19', 255),
(122, 'Retorno B ', 255),
(123, 'Calle 18', 255),
(124, 'Calle 24', 255),
(125, 'Privada  Independencia', 255),
(126, 'Privada  Independencia', 256),
(127, 'Durango ', 253),
(128, 'segunda privada de  nayarit', 254),
(129, 'Avenida  del Maestro  Aron Joaquin ', 253),
(130, 'Morelos ', 256),
(131, 'Privada Benito Juarez', 256),
(132, 'Guadalupe ', 256),
(133, 'Michoacan', 254),
(134, '15 poniente', 59),
(135, 'Avenida Rio Misisipi', 59),
(136, '16 sur ', 59),
(137, 'Santa Elvia ', 59),
(138, '20  sur ', 59),
(139, '25 sur ', 59),
(140, '11 poniente ', 59),
(141, 'Benito Juarez ', 59),
(142, 'Salinas de Gortari ', 59),
(143, 'Salinas', 59),
(144, '17 poniente', 59),
(145, 'Privada 5 de mayo ', 59),
(146, 'Privada  Benito Juarez ', 59),
(147, '22 sur', 59),
(148, '20 sur', 59),
(149, '22 SUR', 224),
(150, '19 Poniente ', 67),
(151, 'FRANCISCO I MADERO  ', 59),
(152, '13 PONIENTE', 156),
(153, 'Andador 10 sur ', 32),
(154, '12 SUR', 32),
(155, ' 17 poniente', 32),
(156, '10 sur', 98),
(157, 'PASCUAS ', 174),
(158, 'Hortencia ', 174),
(159, 'Alcatraces ', 174),
(160, 'privada gardenias ', 257),
(161, 'tulipanes', 257),
(162, 'Alcatraces ', 257),
(163, 'Alhuelican', 10),
(164, 'Axoxopan', 10),
(165, 'Casa Blanca ', 10),
(166, 'Agua las Flores', 10),
(167, 'Agua Ahuelican ', 11),
(168, 'Agua la virgen  ', 11),
(169, 'Agua los Martinez  ', 11),
(170, 'Agua las flores', 11),
(171, 'Agua san Miguel ', 11),
(172, 'Agua 5 señores', 11),
(173, 'Primer andador  15 poniente ', 32),
(174, 'PRIVADA BENITO JUAREZ', 59),
(175, '12 SUR', 59),
(177, 'Avenida del Maestro ', 98),
(178, '17 PONIENTE ', 32),
(179, 'Orquidias ', 167),
(180, 'tulipanes ', 167),
(181, 'Geranios ', 167),
(182, 'ORQUIDEAS', 202),
(183, 'PRIVADA  GARDENIAS', 257),
(184, 'Orquideas ', 167),
(185, 'Orquidea', 167),
(186, 'Av. Juventud ', 167),
(187, 'ITALIA ', 140),
(188, 'ITALIA ', 255),
(189, 'ITALIA ', 258),
(190, 'Alcatraz', 168),
(191, 'molino ', 258),
(192, 'Cuarta  cerrada de gladiola', 84),
(193, 'Geranios ', 168),
(195, 'TORRE LA VEGA', 245),
(196, 'Bastablado', 157),
(197, 'Hacienda  Santa Ana', 258),
(198, 'Emiliano Zapata ', 259),
(199, 'Privada Emiliano Zapata ', 259),
(200, 'Prolongacion  juarez', 259),
(201, '5 DE MAYO', 146),
(202, 'PRIVADA EMILIANO ZAPATA', 199),
(203, 'AVENIDA NACIONAL', 199),
(204, '3ER CALLEJON IGANACIO ZARAGOZA ', 199),
(205, '5 DE MAYO ', 199),
(206, 'IGNACIO ALLENDE', 199),
(207, '16 DE SEPTIEMBRE', 146),
(209, 'Juarez', 261),
(210, 'Juarez Poniente ', 261),
(211, 'Benito Juarez ', 261),
(212, 'Allende', 261),
(213, 'Revolucion ', 261),
(214, '1 de Mayo ', 261),
(215, 'Indio Pipila ', 261),
(216, 'Callejon Cristobal  Colon ', 261),
(217, 'Independencia ', 261),
(218, 'Cuauhtemoc  Sur ', 260),
(219, 'Hidalgo Sur  ', 260),
(220, 'Mariano Matamoros ', 260),
(221, 'Francisco I Madero ', 260),
(222, 'Privada  Leona Vicario ', 260),
(223, 'Emiliano Zapata ', 260),
(224, 'Morelos ', 260),
(225, 'Privada Morelos ', 260),
(226, '5 de Febrero ', 260),
(227, '3 Poniente ', 260),
(228, 'Libertad ', 260),
(229, 'Privada  Xochico ', 260),
(230, 'Calixto Barbosa', 260),
(231, 'Guerrero  Sur', 260),
(232, 'Narciso  Mendoza ', 262),
(233, 'Emiliano Zapata', 264),
(234, 'Privada Emiliano Zapata', 264),
(235, 'Prolongacion Juarez ', 264),
(236, 'Antonio Roanova', 263),
(237, 'Cuahutemoc', 263),
(238, 'Privada Primero de Mayo ', 265),
(239, 'Amador Nervo ', 263),
(240, 'Cuahutemoc', 262),
(241, 'Juarez', 266),
(242, 'Cuahutemoc', 266),
(243, 'Critobal Colon ', 261),
(244, 'Callejon  Mariano  Abasolo ', 261),
(245, 'Democracia ', 263),
(246, 'Libertad ', 263),
(247, 'Privada  Francisco I Madero ', 263),
(248, 'Privada Antonio  Ruonova ', 263),
(249, ' Antonio  Ruonova Vargas', 263),
(250, 'Rafael  Avila Camacho ', 263),
(251, 'Morelos Oriente ', 263),
(252, '5 de Mayo', 266),
(253, 'Morelos ', 266),
(254, '1 Norte ', 266),
(255, 'Rafael Avila Camacho  Oriente ', 262),
(256, 'Rafael Avila Camacho ', 262),
(257, 'Benito Juarez  Oriente ', 262),
(258, 'Privada Rafael  Avila Camacho ', 262),
(259, 'Callejon  Democracia ', 262),
(260, 'Guillermo Prieto ', 262),
(261, '11 Norte', 262),
(262, 'Av.  Juarez ', 261),
(263, 'Prolongacion Benito Juarez ', 264),
(264, 'Narciso Mendoza', 267),
(265, 'Juventud ', 268),
(266, 'Hidalgo Norte ', 266),
(267, 'Hidalgo Norte ', 262),
(268, 'Privada  2 de Abril ', 261),
(269, 'Abasolo ', 261),
(270, 'San Fernando ', 268),
(271, 'San Fernando  y Juventud ', 268),
(272, 'San Lucas', 268),
(273, '16 de Septiembre ', 268),
(274, 'Prolongacion Guerrero  Norte  ', 268),
(275, 'AV. Juventud ', 268),
(276, 'Privada Cristobal Colon ', 262),
(277, 'Prolongacion  Cristobal el  Colon ', 261),
(278, 'Moctezuma', 261),
(279, 'Guillerno Prieto ', 262),
(280, 'Morelos  ', 262),
(281, 'Revolucion Oriente  ', 262),
(282, 'Morelos', 263),
(283, 'Hidalgo Norte', 269),
(284, 'Cristobal Colon', 262),
(285, 'Guerrero Esquina Zaragoza ', 262),
(286, 'Revolucion ', 262),
(287, 'Privada 5 de Mayo ', 262),
(288, 'Privada  Revolucion ', 262),
(289, 'AV. Rafael Avila Camacho ', 262),
(290, 'Privada  Rafael Avila Camacho ', 262),
(291, 'Callejon  Rafael Avila  Camacho ', 262),
(292, 'Privada Revolucion ', 262),
(293, 'Privada Juarez', 262),
(294, 'Tercer Callejon Francisco I Madero ', 263),
(295, 'Privada Javier  Mina ', 263),
(296, 'Revolucion Poniente ', 262),
(297, 'Hidalgo  ', 262),
(298, 'Privada 20 de Noviembre ', 264),
(299, 'Hidalgo ', 266),
(300, '5  de febrero ', 261),
(301, 'Privada Libertad', 266),
(302, 'Leona Vicario ', 260),
(303, 'Independencia Sur', 260),
(304, 'Benito Juarez ', 266),
(305, 'Privada  Rafael Avila Camacho ', 266),
(306, 'Democracia  Sur ', 263),
(307, 'Antonio Ruanova Vargas', 263),
(308, 'Callejo  Mariano Abasolo ', 261),
(309, 'Antonio Roanova Oriente ', 263),
(310, 'Primera de Mayo  ', 261),
(311, '5 de Mayo ', 270),
(312, '5  de Mayo ', 270),
(313, 'Porfirio  Diaz', 279),
(314, 'Av. Independencia ', 279),
(315, '20 de Noviembre ', 279),
(316, 'Albaro Obregon  ', 279),
(317, 'Josefa Ortiz de Dominguez ', 279),
(318, 'Baja California  ', 279),
(319, 'Guadalupe Victoria ', 279),
(320, 'California Norte ', 279),
(321, 'Privada Albaro Obregon ', 279),
(322, 'Santa Florentina ', 279),
(323, 'BENITO JUAREZ', 280),
(324, '3 PONIENTE ', 280),
(325, 'AV. HIDALGO ', 280),
(326, '3 ORIENTE', 280),
(327, '5 PONIENTE', 280),
(328, 'ZARAGOZA ', 280),
(329, '2 PONIENTE', 280),
(330, 'MIGUEL HIDALGO ', 280),
(331, 'VICENTE GUERRERO ', 280),
(332, 'CUAHUTEMOC', 280),
(333, '10 SUR ', 280),
(334, 'AV.  MIGUEL HIDALGO ', 280),
(335, 'FRESNOS', 280),
(336, 'CUAHUTEMOC NORTE', 280),
(337, 'AV. NACIONAL ', 280),
(338, '5 ORIENTE ', 280),
(339, ' AV. JOSE MARIA PINO SUAREZ', 280),
(340, 'JOSE MARIA MORELOS', 280),
(341, 'AV. PINO SUAREZ ', 280),
(342, '45 PONIENTE ', 280),
(343, '4 ORIENTE ', 280),
(344, 'DESVIACION A CARNERO ', 280),
(345, 'CARRETERA FEDERAL ', 280),
(346, 'GUATEMA ', 283),
(347, 'INSURGENTES', 283),
(348, 'EL ARENAL ', 284),
(349, 'MELCHOR O CAMPO', 285),
(350, 'AV. MELCHOR O CAMPO ', 285),
(351, '5 DE MAYO ', 283),
(352, 'NACIONAL PONIENTE ', 283),
(353, 'AV. NACIONAL PONIENTE ', 283),
(354, 'AV. NACIONAL PONIENTE ', 287),
(355, 'PRIVADA  SAN SALVADOR ', 283),
(356, 'PRIVADA  SAN SALVADOR ', 286),
(357, 'CONSTITUCION ', 283),
(358, 'PRIVADA BENITO JUAREZ ', 286),
(359, 'LIBERTAD', 288),
(360, 'AV. 5  DE MAYO ', 288),
(361, '5 DE MAYO ', 288),
(362, 'CALLEJON 5 DE MAYO ', 288),
(363, 'VICENTE GUERRERO ', 286),
(364, 'CORREGIDORA ', 283),
(365, 'CANAL 12', 283),
(366, 'BENITO JUAREZ ', 283),
(368, 'AV. MELCHOR OCAMPOS', 285),
(369, 'AV. MELCHOR OCAMPOS', 294),
(370, 'EL ARENAL ', 283),
(371, 'MELCHOR O CAMPO', 293),
(372, 'MELCHOR OCAMPO', 293),
(373, 'AV.  NACIONAL  PONIENTE ', 287),
(374, 'PRIVADA SAN SALVADOR ', 286),
(375, 'CONSTIUCION ', 287),
(376, '5 DE MAYO', 292),
(377, 'SANTA CRUZ ', 292),
(378, 'LIBERTAD ', 292),
(379, 'CALLEGON VICTORIANO ', 200),
(380, '3 PONIENTE ', 200),
(381, 'LIRIO', 189),
(382, 'NUVE', 189),
(383, 'HORTENCIA ', 189),
(384, 'GLADIOLA', 189),
(385, 'NARDO ', 189),
(386, 'SEGUNDA CERRADA', 295),
(387, 'AGUA SANTA ', 298),
(388, '20 ORIENTE ', 297),
(389, 'PRIMERA PRIV. 30A ORIENTE ', 296),
(390, 'JOSE MARIA MORELOS ', 159),
(391, 'PRIVADA 40 ORIENTE ', 159),
(392, '9  NORTE ', 159),
(393, 'LAS FLORES', 159),
(394, '16 DE SEPTIEMBRE ', 159),
(395, 'NIÑOS HEROES  ', 159),
(396, 'PRIVADA 2 DE MAYO ', 159),
(397, '28 ORIENTE  ', 127),
(398, 'JOSE MARIA MOLEROS ', 219),
(399, '52 ORIENTE ', 213),
(400, 'PORFIRIO DIAZ ', 279),
(401, 'PRIVADA NACIONAL ', 272),
(402, 'SOLIDARIDAD', 273),
(403, 'ALVARO OBREGON ', 127),
(404, 'MIGUEL HIDALGO ', 219),
(405, '26 ORIENTE ', 127),
(406, 'DEL EJIDO ', 127),
(407, '1NORTE', 127),
(408, '34ORIENTE', 127),
(409, '16DE SEPTIEMBRE', 219),
(410, 'LOS FLORES', 219),
(411, 'ALVARO OBREGON', 77),
(412, 'AV.EJERCITO MEXICANO ', 77),
(413, 'PRIVADA EJERCITO MEXICANO ', 77),
(414, '26ORIENTE', 237),
(415, '1ERA PRIV. ARCUCARIAS', 237),
(416, '24DE FEBRERO ', 212),
(417, '6 PONIENTE', 252),
(418, '4 NORTE', 252),
(419, '2 NORTE', 252),
(420, 'MIGUEL HIDALGO', 127),
(421, '5 NORTE', 127),
(422, '7 NORTE', 127);

-- --------------------------------------------------------

--
-- Estructura de tabla para la tabla `colonias`
--

CREATE TABLE IF NOT EXISTS `colonias` (
  `idColonia` int(11) NOT NULL AUTO_INCREMENT,
  `colonia` varchar(100) COLLATE utf8_spanish_ci NOT NULL,
  `asentamiento` int(11) NOT NULL,
  `cp` int(11) NOT NULL,
  `municipio` int(11) NOT NULL,
  PRIMARY KEY (`idColonia`),
  KEY `municipio` (`municipio`,`asentamiento`),
  KEY `asentamiento` (`asentamiento`)
) ENGINE=InnoDB  DEFAULT CHARSET=utf8 COLLATE=utf8_spanish_ci AUTO_INCREMENT=299 ;

--
-- Volcado de datos para la tabla `colonias`
--

INSERT INTO `colonias` (`idColonia`, `colonia`, `asentamiento`, `cp`, `municipio`) VALUES
(1, '15 de Mayo', 1, 75796, 167),
(2, '16 de Marzo', 2, 75766, 167),
(3, '18 de Marzo', 3, 75770, 167),
(4, '21 de Marzo', 2, 75859, 167),
(5, '24 de Febrero', 2, 75742, 167),
(6, '3 de Mayo', 2, 75765, 167),
(7, 'Aeropuerto', 2, 75718, 167),
(8, 'Aeropuerto 2a Seccion', 2, 75718, 167),
(9, 'Agricola el Porvenir', 2, 75758, 167),
(10, 'Agua Blanca I', 3, 75796, 167),
(11, 'Agua Blanca II', 3, 75793, 167),
(12, 'Agua Santa', 1, 75719, 167),
(13, 'Alatriste', 2, 75855, 167),
(14, 'Allende', 1, 75740, 167),
(15, 'America', 2, 75766, 167),
(16, 'Anahuac', 2, 75710, 167),
(17, 'Aquiles Serdan', 2, 75750, 167),
(18, 'Arboledas', 2, 75765, 167),
(19, 'Arcangel', 4, 75710, 167),
(20, 'Aviacion', 2, 75718, 167),
(21, 'Bellavista', 3, 75793, 167),
(22, 'Benito Juarez', 2, 75770, 167),
(23, 'Benito Juarez', 1, 75730, 167),
(24, 'Bosques de Reforma', 3, 75719, 167),
(25, 'Bosques de San Pedro', 3, 75740, 167),
(26, 'Buenos Aires', 2, 75730, 167),
(27, 'Centro de la Ciudad', 2, 75700, 167),
(28, 'Cerrada del Pirul', 3, 75730, 167),
(29, 'Cerritos', 2, 75731, 167),
(30, 'Chapultepec', 3, 75763, 167),
(31, 'Concepcion', 2, 75780, 167),
(32, 'Concordia', 3, 75763, 167),
(33, 'Constituyentes', 2, 75710, 167),
(34, 'Constituyentes 2a Seccion', 2, 75710, 167),
(35, 'Constituyentes 3a Seccion', 2, 75710, 167),
(36, 'Cuatro Caminos', 3, 75758, 167),
(37, 'Cuauhtemoc', 2, 75740, 167),
(38, 'Cultural', 3, 75795, 167),
(39, 'Del Empleado', 2, 75799, 167),
(40, 'Del Empleado Municipal', 2, 75743, 167),
(41, 'Del Valle', 2, 75740, 167),
(42, 'Del Valle 2a Seccion', 2, 75740, 167),
(43, 'Del Valle 3a Seccion', 2, 75740, 167),
(44, 'E S Mint Atlanta', 1, 75760, 167),
(45, 'El Calvario', 2, 75790, 167),
(46, 'El Carmen', 2, 75760, 167),
(47, 'El Convento', 3, 75710, 167),
(48, 'El Dorado', 3, 75730, 167),
(49, 'El Eden', 2, 75720, 167),
(50, 'El Eden 2a Seccion', 2, 75719, 167),
(51, 'El Humilladero', 3, 75790, 167),
(52, 'El Lucero', 3, 75758, 167),
(53, 'El Mirador', 2, 75780, 167),
(54, 'El Molino', 3, 75780, 167),
(55, 'El Palmar', 3, 75726, 167),
(56, 'El Paseo', 3, 75726, 167),
(57, 'El Pedregal', 3, 75726, 167),
(58, 'El Riego', 2, 75763, 167),
(59, 'El Riego', 1, 75760, 167),
(60, 'El Riego 1a Seccion', 2, 75763, 167),
(61, 'El Riego 2da Seccion', 2, 75763, 167),
(62, 'El Riego INFONAVIT', 1, 75760, 167),
(63, 'El Rosario', 3, 75780, 167),
(64, 'El Vergel', 2, 75758, 167),
(65, 'Electricistas', 2, 75741, 167),
(66, 'Emiliano Zapata', 2, 75730, 167),
(67, 'Esmeralda', 2, 75763, 167),
(68, 'Estrella del Sur', 3, 75790, 167),
(69, 'Europa', 3, 75793, 167),
(70, 'Ex-Hacienda', 6, 75760, 167),
(71, 'Ex-Hacienda San Lorenzo', 3, 75758, 167),
(72, 'FOVISSSTE El Rosario', 1, 75743, 167),
(73, 'FOVISSSTE Garci Crespo', 3, 75730, 167),
(74, 'Frailes II', 3, 75710, 167),
(75, 'Frailes III', 3, 75710, 167),
(76, 'Framboyanes', 1, 75740, 167),
(77, 'Francisco Sarabia', 2, 75730, 167),
(78, 'Francisco Villa', 2, 75750, 167),
(79, 'Garambuyo', 2, 75740, 167),
(80, 'Garci Crespo', 5, 75855, 167),
(81, 'Granjas de Oriente', 2, 75790, 167),
(82, 'Guadalupe', 2, 75730, 167),
(83, 'Guerrero', 1, 75740, 167),
(84, 'Hacienda El Humilladero', 3, 75796, 167),
(85, 'Hacienda El Humilladero II', 3, 75796, 167),
(86, 'Hacienda La Herradura IV', 3, 75743, 167),
(87, 'Hacienda Peñafiel', 1, 75710, 167),
(88, 'Hacienda San Vicente', 3, 75718, 167),
(89, 'Herradura', 3, 75740, 167),
(90, 'Ibero Tabachines', 3, 75710, 167),
(91, 'Ignacio Zaragoza', 2, 75770, 167),
(92, 'Independencia', 2, 75780, 167),
(93, 'INFONAVIT Granada', 3, 75760, 167),
(94, 'INFONAVIT Jardines de Tehuacan', 1, 75760, 167),
(95, 'INFONAVIT San Francisco', 1, 75758, 167),
(96, 'INFONAVIT San Nicolas', 1, 75710, 167),
(97, 'INFONAVIT San Rafael', 1, 75758, 167),
(98, 'INFONAVIT Venustiano Carranza', 1, 75760, 167),
(99, 'Ingeniero Pastor Rouaix', 2, 75710, 167),
(100, 'Insurgentes', 2, 75770, 167),
(101, 'Insurgentes', 6, 75740, 167),
(102, 'Insurgentes II', 3, 75740, 167),
(103, 'Insurgentes III', 3, 75740, 167),
(104, 'Jacarandas', 3, 75730, 167),
(105, 'Jardin', 2, 75720, 167),
(106, 'Jardines de Tehuacan', 2, 75769, 167),
(107, 'Jardines de Tehuacan (Ascote)', 3, 75769, 167),
(108, 'Jardines del Valle', 3, 75796, 167),
(109, 'Jorge Carreño', 7, 75766, 167),
(110, 'Juquilita', 2, 75859, 167),
(111, 'La Arcadia', 2, 75760, 167),
(112, 'La Huizachera', 2, 75718, 167),
(113, 'La Joya', 3, 75730, 167),
(114, 'La Paz', 2, 75790, 167),
(115, 'La Pedrera', 8, 75770, 167),
(116, 'La Presita', 2, 75730, 167),
(117, 'La Purisima', 2, 75784, 167),
(118, 'La Purisima 1a Secc', 2, 75784, 167),
(119, 'Las Flores', 2, 75786, 167),
(120, 'Las Garzas', 4, 75758, 167),
(121, 'Lazaro Cardenas Norte', 2, 75710, 167),
(122, 'Lazaro Cardenas Sur', 2, 75859, 167),
(123, 'Leyes de Reforma', 2, 75780, 167),
(124, 'Libertad', 2, 75768, 167),
(125, 'Lobera', 2, 75720, 167),
(126, 'Loma Dorada', 2, 75726, 167),
(127, 'Lomas de la Soledad', 2, 75719, 167),
(128, 'Los Alamos', 3, 75790, 167),
(129, 'Los Cipreses', 3, 75740, 167),
(130, 'Los Delfines', 3, 75796, 167),
(131, 'Los Frailes I', 3, 75710, 167),
(132, 'Los Fresnos', 3, 75857, 167),
(133, 'Los Laureles', 3, 75758, 167),
(134, 'Los Manantiales', 2, 75855, 167),
(135, 'Los Pinos', 2, 75797, 167),
(136, 'Los Pinos', 1, 75710, 167),
(137, 'Los Pirules', 3, 75720, 167),
(138, 'Los Reyes', 2, 75725, 167),
(139, 'Luis Donaldo Colosio Murrieta', 2, 75726, 167),
(140, 'Magdalena Cuayucatepec', 9, 75853, 167),
(141, 'Maravillas', 2, 75859, 167),
(142, 'Maridol', 1, 75719, 167),
(143, 'Mazateca', 2, 75859, 167),
(144, 'Mexico 68', 2, 75764, 167),
(145, 'Miguel Hidalgo', 2, 75790, 167),
(146, 'Miguel Romero', 2, 75758, 167),
(147, 'Mision Madrid', 2, 75859, 167),
(148, 'Moctezuma', 2, 75740, 167),
(149, 'Morelos', 2, 75770, 167),
(150, 'Morelos', 1, 75780, 167),
(151, 'Municipio Libre', 2, 75859, 167),
(152, 'Nacional', 2, 75794, 167),
(153, 'Nicolas Bravo', 2, 75790, 167),
(154, 'Nicolas Bravo 2a Seccion', 2, 75796, 167),
(155, 'Nicolas Bravo 3a Seccion', 3, 75790, 167),
(156, 'Niños Heroes', 2, 75760, 167),
(157, 'Nueva España', 3, 75793, 167),
(158, 'Obrero Peñafiel', 2, 75740, 167),
(159, 'Observatorio', 2, 75720, 167),
(160, 'Palmas', 2, 75720, 167),
(161, 'Paraiso de Jesus', 2, 75726, 167),
(162, 'Paseo de San Pedro', 3, 75740, 167),
(163, 'Paseos de Reforma', 3, 75719, 167),
(164, 'Plaza', 3, 75758, 167),
(165, 'Primavera', 3, 75758, 167),
(166, 'Puebla', 2, 75768, 167),
(167, 'Puerta del Sol', 2, 75796, 167),
(168, 'Puesta del Sol', 3, 75760, 167),
(169, 'Quinta Guadalupe', 2, 75740, 167),
(170, 'Rancho Grande', 3, 75790, 167),
(171, 'Rancho Grande II', 3, 75790, 167),
(172, 'Rancho Grande III', 3, 75790, 167),
(173, 'Rancho Las Flores I', 3, 75796, 167),
(174, 'Rancho Las Flores II', 3, 75793, 167),
(175, 'Rancho Viejo', 3, 75790, 167),
(176, 'Rancho Viejo II', 3, 75790, 167),
(177, 'Real de Santa Fe', 3, 75710, 167),
(178, 'Real San Felipe', 3, 75710, 167),
(179, 'Reforma', 3, 75760, 167),
(180, '4 el Paseo', 10, 75758, 167),
(181, '4 San Pedro', 3, 75740, 167),
(182, 'Resurecci?n', 2, 75858, 167),
(183, 'Revolucion', 2, 75796, 167),
(184, 'Ricardo Flores Magon', 2, 75780, 167),
(185, 'Rinc?n de los Cipreses', 2, 75740, 167),
(186, 'San Angel', 2, 75718, 167),
(187, 'San Angel Acoquiaco', 1, 75740, 167),
(188, 'San Antonio', 4, 75760, 167),
(189, 'San Antonio Viveros', 2, 75758, 167),
(190, 'San Cristobal Tepetiopan', 9, 75853, 167),
(191, 'San Diego Chalma', 9, 75859, 167),
(192, 'San Diego I', 3, 75859, 167),
(193, 'San Diego II', 3, 75859, 167),
(194, 'San Francisco', 2, 75726, 167),
(195, 'San Isidro Sur', 2, 75859, 167),
(196, 'San Jose Tochapa', 2, 75730, 167),
(197, 'San Lorenzo', 1, 75855, 167),
(198, 'San Lorenzo', 11, 75750, 167),
(199, 'San Lorenzo Teotipilco', 9, 75855, 167),
(200, 'San Marcos Necoxtla', 9, 75859, 167),
(201, 'San Martin', 2, 75726, 167),
(202, 'San Miguel', 2, 75793, 167),
(203, 'San Nicolas', 3, 75726, 167),
(204, 'San Nicolas Tetitzintla', 2, 75710, 167),
(205, 'San Pablo Tepetzingo', 9, 75859, 167),
(206, 'San Pedro Acoquiaco', 2, 75740, 167),
(207, 'San Rafael', 2, 75758, 167),
(208, 'San Vicente Ferrer', 2, 75718, 167),
(209, 'Santa Ana Teloxtoc', 9, 75856, 167),
(210, 'Santa Catarina de Siena', 2, 75855, 167),
(211, 'Santa Catarina Otzolotepec', 9, 75855, 167),
(212, 'Santa Cecilia', 2, 75855, 167),
(213, 'Santa Cruz', 2, 75720, 167),
(214, 'Santa Cruz Acapa', 9, 75859, 167),
(215, 'Santa Maria', 3, 75857, 167),
(216, 'Santa Maria Coapan', 9, 75857, 167),
(217, 'Santa Maria VI', 3, 75770, 167),
(218, 'Santa Monica', 3, 75790, 167),
(219, 'Santiago de Tula', 12, 75720, 167),
(220, 'Santiago de Tula', 8, 75740, 167),
(221, 'Santo Domingo', 2, 75770, 167),
(222, 'Sarabia', 6, 75730, 167),
(223, 'Sotolin', 2, 75784, 167),
(224, 'Tehuacan', 2, 75768, 167),
(225, 'Tehuacan (Tehuacan)', 13, 75717, 167),
(226, 'Tehuantepec', 2, 75855, 167),
(227, 'Tepeyac', 2, 75726, 167),
(228, 'Valle del Sol', 3, 75758, 167),
(229, 'Valle Sur', 3, 75795, 167),
(230, 'Venustiano Carranza', 2, 75760, 167),
(231, 'Vicente Suarez', 3, 75760, 167),
(232, 'Villa Alhuelican', 3, 75725, 167),
(233, 'Villa Benavente', 3, 75719, 167),
(234, 'Villa Granadas', 2, 75732, 167),
(235, 'Villa Manantiales', 3, 75857, 167),
(236, 'Villa Verona II', 3, 75719, 167),
(237, 'Villas Campestre', 3, 75720, 167),
(238, 'Villas de la Loma', 3, 75859, 167),
(239, 'Villas del Sol', 3, 75730, 167),
(240, 'Villas Esmeralda', 3, 75790, 167),
(241, 'Villas las Palmas', 2, 75719, 167),
(242, 'Villas Paraiso', 3, 75726, 167),
(243, 'Villas Puerta del Sol II', 3, 75796, 167),
(244, 'Villas Reforma', 3, 75719, 167),
(245, 'Villas Universidad', 3, 75793, 167),
(246, 'Villas Verona I', 3, 75719, 167),
(247, 'Villas Virginia', 3, 75726, 167),
(248, 'Vista Hermosa', 2, 75858, 167),
(249, 'Vivir', 3, 75859, 167),
(250, 'Xochipilli', 3, 75770, 167),
(251, 'Zona Alta', 3, 75750, 167),
(252, 'Zaragoza', 2, 75700, 167),
(253, 'Mexico sur ', 2, 75764, 167),
(254, 'MEXICO ', 2, 75754, 167),
(255, ' Fraccionamiento  Santa Maria Coapan ', 2, 75857, 167),
(256, 'La Asuncion  ', 2, 75857, 167),
(257, 'fraccionamiento puerta del sol ', 2, 75796, 167),
(258, 'Mayorazgo', 2, 75793, 167),
(259, 'San Miguel', 2, 75910, 167),
(260, 'Coculco', 8, 0, 21),
(261, 'Guadalupe', 8, 0, 21),
(262, 'Fatima ', 8, 0, 21),
(263, 'Gonzalisco ', 8, 0, 21),
(264, 'San Miguel ', 8, 0, 21),
(265, 'Las Plamas ', 2, 0, 21),
(266, 'Centro Ajalpan ', 2, 0, 21),
(267, 'Santa Cruz ', 2, 0, 21),
(268, 'San Antonio ', 2, 0, 21),
(269, 'Teopuxco ', 8, 0, 21),
(270, 'Doctor Miguel Romero ', 2, 0, 167),
(271, 'San Lorenzo ', 9, 0, 167),
(272, 'Manantiales Tehuacan ', 2, 0, 167),
(273, 'Juan Pablo II', 2, 0, 167),
(274, 'Santa Catalina  de Siena ', 2, 0, 167),
(275, 'Lucero San Rafael ', 3, 0, 167),
(276, 'Francisco I Madero ', 9, 0, 167),
(277, 'Cristo  Rey', 9, 0, 167),
(278, '3 de Mayo ', 9, 0, 167),
(279, 'Monte Chiquito ', 2, 0, 167),
(280, 'FRANCISCO I. MADERO', 9, 0, 172),
(281, 'CRISTO REY ', 2, 0, 172),
(282, '3 DE MAYO ', 2, 0, 172),
(283, 'SAN BARTOLO TEONTEPEC ', 9, 0, 172),
(284, 'BARRIO 2 SAN BARTOLO ', 9, 0, 172),
(285, 'JOSE MA. PINO SUAREZ', 9, 0, 172),
(286, 'SANTA CRUZ ', 9, 0, 172),
(287, 'PINO SUAREZ ', 9, 0, 172),
(288, '5 DE MAYO ', 2, 0, 172),
(289, 'SANTA CRUZ ', 2, 0, 172),
(290, ' CUARTO SAN BARTOLO ', 8, 0, 172),
(291, 'LA CAÑADA ', 8, 0, 172),
(293, 'JOSE MARIA PINO SUAREZ ', 9, 0, 172),
(294, 'JOSE MARIA MORELOS', 9, 0, 172),
(295, 'CAMINOS  EL PORVENIR ', 3, 0, 167),
(296, 'VILLAS VERONA II', 3, 0, 167),
(297, 'UNIDAD JARDIN ', 3, 0, 167),
(298, 'AGUA SANTA', 3, 0, 167);

-- --------------------------------------------------------

--
-- Estructura de tabla para la tabla `domicilios`
--

CREATE TABLE IF NOT EXISTS `domicilios` (
  `idDomicilio` int(11) NOT NULL AUTO_INCREMENT,
  `sucursal` int(11) NOT NULL,
  `calle` int(11) NOT NULL,
  `numero` int(11) NOT NULL,
  `calle1` int(11) NOT NULL,
  `calle2` int(11) NOT NULL,
  `colonia` int(11) NOT NULL,
  `tipo` int(11) NOT NULL,
  `propietario` varchar(100) COLLATE utf8_spanish_ci NOT NULL,
  `vigencia_contrato` date NOT NULL,
  `tiempoResidencia` int(11) NOT NULL,
  PRIMARY KEY (`idDomicilio`),
  KEY `idDomicilio` (`idDomicilio`),
  KEY `calle` (`calle`),
  KEY `colonia` (`colonia`),
  KEY `numero` (`numero`),
  KEY `tipo` (`tipo`),
  KEY `calle1` (`calle1`),
  KEY `calle2` (`calle2`)
) ENGINE=InnoDB  DEFAULT CHARSET=utf8 COLLATE=utf8_spanish_ci AUTO_INCREMENT=3 ;

--
-- Volcado de datos para la tabla `domicilios`
--

INSERT INTO `domicilios` (`idDomicilio`, `sucursal`, `calle`, `numero`, `calle1`, `calle2`, `colonia`, `tipo`, `propietario`, `vigencia_contrato`, `tiempoResidencia`) VALUES
(1, 1, 417, 419, 419, 418, 252, 1, '', '0000-01-00', 0),
(2, 1, 420, 420, 421, 422, 127, 1, '', '0000-01-00', 0);

-- --------------------------------------------------------

--
-- Estructura de tabla para la tabla `estados`
--

CREATE TABLE IF NOT EXISTS `estados` (
  `idEstado` int(11) NOT NULL AUTO_INCREMENT,
  `estado` varchar(50) COLLATE utf8_spanish_ci NOT NULL,
  PRIMARY KEY (`idEstado`),
  KEY `idEstado` (`idEstado`)
) ENGINE=InnoDB  DEFAULT CHARSET=utf8 COLLATE=utf8_spanish_ci AUTO_INCREMENT=34 ;

--
-- Volcado de datos para la tabla `estados`
--

INSERT INTO `estados` (`idEstado`, `estado`) VALUES
(1, 'Aguascalientes'),
(2, 'Baja California'),
(3, 'Baja California Sur'),
(4, 'Campeche'),
(5, 'Chiapas'),
(6, 'Chihuahua'),
(7, 'Ciudad de México'),
(8, 'Coahuila'),
(9, 'Colima'),
(10, 'Durango'),
(11, 'Estado de México'),
(12, 'Guanajuato'),
(13, 'Guerrero'),
(14, 'Hidalgo'),
(15, 'Jalisco'),
(16, 'Michoacán'),
(17, 'Morelos'),
(18, 'Nayarit'),
(19, 'Nuevo León'),
(20, 'Oaxaca'),
(21, 'Puebla'),
(22, 'Querétaro'),
(23, 'Quintana Roo'),
(24, 'San Luis Potosí'),
(25, 'Sin Localidad'),
(26, 'Sinaloa'),
(27, 'Sonora'),
(28, 'Tabasco'),
(29, 'Tamaulipas'),
(30, 'Tlaxcala'),
(31, 'Veracruz'),
(32, 'Yucatán'),
(33, 'Zacatecas');

-- --------------------------------------------------------

--
-- Estructura de tabla para la tabla `historial_personas`
--

CREATE TABLE IF NOT EXISTS `historial_personas` (
  `idHistorialPersonas` int(11) NOT NULL AUTO_INCREMENT,
  `idPersona` int(11) NOT NULL,
  `modificacion` datetime NOT NULL,
  `usuario` int(11) NOT NULL,
  `nombre` varchar(100) COLLATE utf8_spanish_ci NOT NULL,
  `apaterno` varchar(50) COLLATE utf8_spanish_ci NOT NULL,
  `amaterno` varchar(50) COLLATE utf8_spanish_ci NOT NULL,
  `nacimiento` date NOT NULL,
  `entidad` int(11) NOT NULL,
  `curp` varchar(18) COLLATE utf8_spanish_ci NOT NULL,
  `ocr` varchar(13) COLLATE utf8_spanish_ci NOT NULL,
  `sexo` varchar(1) COLLATE utf8_spanish_ci NOT NULL,
  `edoCivil` int(11) NOT NULL,
  `telefono` varchar(10) COLLATE utf8_spanish_ci NOT NULL,
  `celular` varchar(10) COLLATE utf8_spanish_ci NOT NULL,
  `domicilio` int(11) DEFAULT NULL,
  `conyuge` int(11) DEFAULT NULL,
  `aval` int(11) DEFAULT NULL,
  `referencia` int(11) DEFAULT NULL,
  PRIMARY KEY (`idHistorialPersonas`)
) ENGINE=InnoDB  DEFAULT CHARSET=utf8 COLLATE=utf8_spanish_ci AUTO_INCREMENT=13 ;

--
-- Volcado de datos para la tabla `historial_personas`
--

INSERT INTO `historial_personas` (`idHistorialPersonas`, `idPersona`, `modificacion`, `usuario`, `nombre`, `apaterno`, `amaterno`, `nacimiento`, `entidad`, `curp`, `ocr`, `sexo`, `edoCivil`, `telefono`, `celular`, `domicilio`, `conyuge`, `aval`, `referencia`) VALUES
(1, 135, '2017-12-01 18:10:09', 1, 'LUIS MIGUEL ', 'RAMIREZ', 'PEREZ', '1992-09-16', 21, 'RAPL920916HPLMRS07', '1997106038816', 'H', 1, '', '2381721391', NULL, NULL, NULL, NULL),
(2, 135, '2017-12-01 18:12:36', 1, 'LUIS MIGUEL ', 'RAMIREZ', 'PEREZZ', '1992-09-16', 21, 'RAPL920916HPLMRS07', '1997106038816', 'H', 1, '', '2381721391', NULL, NULL, NULL, NULL),
(3, 1, '2017-12-05 19:02:13', 1, 'JAASIEL', 'MENDEZ', 'MALAGON', '1994-01-22', 21, 'MEMJ940122HPLNLS02', '1954093563992', 'H', 0, '', '2381721972', NULL, NULL, NULL, 2),
(4, 179, '2017-12-09 12:36:35', 1, 'NOHEMI', 'SALAZAR', 'BRAVO', '1994-02-13', 21, 'SABN940213MPLLRH08', '2000093629694', 'H', 0, '', '2385938000', NULL, NULL, NULL, NULL),
(5, 210, '2017-12-16 11:11:55', 1, 'JOSE ANDRES', 'TEHUACANERO ', 'ESPINOZA ', '1997-08-07', 21, 'TEEA970807HPLSN06', '0081106625564', 'M', 0, '', '2361139837', NULL, NULL, NULL, NULL),
(6, 228, '2017-12-16 12:27:45', 1, 'PETRA', 'TECUA ', 'TOTIBIO ', '1951-06-18', 21, 'TETP510618MPLCRT05', '0085100865982', 'M', 3, '', '2361056402', NULL, NULL, NULL, NULL),
(7, 239, '2017-12-18 18:29:55', 1, 'SOLEDAD', 'PACHUCA ', 'MEDINA ', '1995-01-27', 1, 'PAMS950127MOCCDL02', '0085094567067', 'M', 1, '', '2361199241', NULL, NULL, NULL, NULL),
(8, 243, '2017-12-18 18:41:11', 1, 'MARIA JOSEFINA ', 'ROJAS', 'APOLINAS', '1971-02-17', 1, 'ROAM710217MPLJPR08', '1934075969639', 'M', 1, '', '2381040767', NULL, NULL, NULL, NULL),
(9, 248, '2017-12-18 18:54:51', 1, 'FIDEL ', 'SIXTO ', 'GUILLERMO ', '1971-04-24', 21, 'SIGF710424HPLXLD03', '2047030984041', 'M', 1, '', '2381689040', NULL, NULL, NULL, NULL),
(10, 276, '2017-12-22 17:22:17', 1, 'MARGARITA', 'LEZAMA ', 'RAMIREZ', '1956-06-10', 21, 'LERM560610MPLZMR06', '1965020100233', 'H', 0, '', '2381559029', NULL, NULL, NULL, NULL),
(11, 294, '2017-12-22 18:40:06', 1, 'EPIFANIA', 'PASTOR', 'CRISTINO', '1979-04-07', 21, 'PACE790407MPLSRP09', '1947076645955', 'M', 1, '----------', '2381512594', 0, 0, 0, 0),
(12, 1, '2017-12-22 19:02:21', 1, 'JAASIEL', 'MENDEZ', 'MALAGON', '1994-01-22', 21, 'MEMJ940122HPLNLS02', '1954093563992', 'H', 0, '', '2381721972', 1, 0, 0, 2);

-- --------------------------------------------------------

--
-- Estructura de tabla para la tabla `municipios`
--

CREATE TABLE IF NOT EXISTS `municipios` (
  `idMunicipio` int(11) NOT NULL AUTO_INCREMENT,
  `municipio` varchar(100) COLLATE utf8_spanish_ci NOT NULL,
  `estado` int(11) NOT NULL,
  `sucursal` int(11) NOT NULL,
  PRIMARY KEY (`idMunicipio`),
  KEY `estado` (`estado`)
) ENGINE=InnoDB  DEFAULT CHARSET=utf8 COLLATE=utf8_spanish_ci AUTO_INCREMENT=229 ;

--
-- Volcado de datos para la tabla `municipios`
--

INSERT INTO `municipios` (`idMunicipio`, `municipio`, `estado`, `sucursal`) VALUES
(1, 'Aguascalientes', 1, 0),
(2, 'Asientos', 1, 0),
(3, 'Calvillo', 1, 0),
(4, 'Cosío', 1, 0),
(5, 'Jesús María', 1, 0),
(6, 'Pabellón de Arteaga', 1, 0),
(7, 'Rincón de Romos', 1, 0),
(8, 'San José de Gracia', 1, 0),
(9, 'Tepezalá', 1, 0),
(10, 'El Llano', 1, 0),
(11, 'San Francisco de los Romo', 1, 0),
(12, 'Acajete', 21, 0),
(13, 'Acateno', 21, 0),
(14, 'Acatlan', 21, 0),
(15, 'Acatzingo', 21, 0),
(16, 'Acteopan', 21, 0),
(17, 'Ahuacatlan', 21, 0),
(18, 'Ahuatlan', 21, 0),
(19, 'Ahuazotepec', 21, 0),
(20, 'Ahuehuetitla', 21, 0),
(21, 'Ajalpan', 21, 1),
(22, 'Albino Zertuche', 21, 0),
(23, 'Aljojuca', 21, 0),
(24, 'Altepexi', 21, 0),
(25, 'Amixtlan', 21, 0),
(26, 'Amozoc', 21, 0),
(27, 'Aquixtla', 21, 0),
(28, 'Atempan', 21, 0),
(29, 'Atexcal', 21, 0),
(30, 'Atlequizayan', 21, 0),
(31, 'Atlixco', 21, 0),
(32, 'Atoyatempan', 21, 0),
(33, 'Atzala', 21, 0),
(34, 'Atzitzihuacan', 21, 0),
(35, 'Atzitzintla', 21, 0),
(36, 'Axutla', 21, 0),
(37, 'Ayotoxco de Guerrero', 21, 0),
(38, 'Calpan', 21, 0),
(39, 'Caltepec', 21, 0),
(40, 'Camocuautla', 21, 0),
(41, 'Cañada Morelos', 21, 0),
(42, 'Caxhuacan', 21, 0),
(43, 'Chalchicomula de Sesma', 21, 0),
(44, 'Chapulco', 21, 0),
(45, 'Chiautla', 21, 0),
(46, 'Chiautzingo', 21, 0),
(47, 'Chichiquila', 21, 0),
(48, 'Chiconcuautla', 21, 0),
(49, 'Chietla', 21, 0),
(50, 'Chigmecatitlan', 21, 0),
(51, 'Chignahuapan', 21, 0),
(52, 'Chignautla', 21, 0),
(53, 'Chila', 21, 0),
(54, 'Chila de la Sal', 21, 0),
(55, 'Chilchotla', 21, 0),
(56, 'Chinantla', 21, 0),
(57, 'Coatepec', 21, 0),
(58, 'Coatzingo', 21, 0),
(59, 'Cohetzala', 21, 0),
(60, 'Cohuecan', 21, 0),
(61, 'Coronango', 21, 0),
(62, 'Coxcatlan', 21, 0),
(63, 'Coyomeapan', 21, 0),
(64, 'Coyotepec', 21, 0),
(65, 'Cuapiaxtla de Madero', 21, 0),
(66, 'Cuautempan', 21, 0),
(67, 'Cuautinchan', 21, 0),
(68, 'Cuautlancingo', 21, 0),
(69, 'Cuayuca de Andrade', 21, 0),
(70, 'Cuetzalan del Progreso', 21, 0),
(71, 'Cuyoaco', 21, 0),
(72, 'Domingo Arenas', 21, 0),
(73, 'Eloxochitlan', 21, 0),
(74, 'Epatlan', 21, 0),
(75, 'Esperanza', 21, 0),
(76, 'Francisco Z. Mena', 21, 0),
(77, 'General Felipe Angeles', 21, 0),
(78, 'Guadalupe', 21, 0),
(79, 'Guadalupe Victoria', 21, 0),
(80, 'Hermenegildo Galeana', 21, 0),
(81, 'Honey', 21, 0),
(82, 'Huaquechula', 21, 0),
(83, 'Huatlatlauca', 21, 0),
(84, 'Huauchinango', 21, 0),
(85, 'Huehuetla', 21, 0),
(86, 'Huehuetlan el Chico', 21, 0),
(87, 'Huehuetlan el Grande', 21, 0),
(88, 'Huejotzingo', 21, 0),
(89, 'Hueyapan', 21, 0),
(90, 'Hueytamalco', 21, 0),
(91, 'Hueytlalpan', 21, 0),
(92, 'Huitzilan de Serdan', 21, 0),
(93, 'Huitziltepec', 21, 0),
(94, 'Ixcamilpa de Guerrero', 21, 0),
(95, 'Ixcaquixtla', 21, 0),
(96, 'Ixtacamaxtitlan', 21, 0),
(97, 'Ixtepec', 21, 0),
(98, 'Izucar de Matamoros', 21, 0),
(99, 'Jalpan', 21, 0),
(100, 'Jolalpan', 21, 0),
(101, 'Jonotla', 21, 0),
(102, 'Jopala', 21, 0),
(103, 'Juan C. Bonilla', 21, 0),
(104, 'Juan Galindo', 21, 0),
(105, 'Juan N. Mendez', 21, 0),
(106, 'La Magdalena Tlatlauquitepec', 21, 0),
(107, 'Lafragua', 21, 0),
(108, 'Libres', 21, 0),
(109, 'Los Reyes de Juarez', 21, 0),
(110, 'Mazapiltepec de Juarez', 21, 0),
(111, 'Mixtla', 21, 0),
(112, 'Molcaxac', 21, 0),
(113, 'Naupan', 21, 0),
(114, 'Nauzontla', 21, 0),
(115, 'Nealtican', 21, 0),
(116, 'Nicolas Bravo', 21, 0),
(117, 'Nopalucan', 21, 0),
(118, 'Ocotepec', 21, 0),
(119, 'Ocoyucan', 21, 0),
(120, 'Olintla', 21, 0),
(121, 'Oriental', 21, 0),
(122, 'Pahuatlan', 21, 0),
(123, 'Palmar de Bravo', 21, 0),
(124, 'Pantepec', 21, 0),
(125, 'Petlalcingo', 21, 0),
(126, 'Piaxtla', 21, 0),
(127, 'Puebla', 21, 0),
(128, 'Quecholac', 21, 0),
(129, 'Quimixtlan', 21, 0),
(130, 'Rafael Lara Grajales', 21, 0),
(131, 'San Andres Cholula', 21, 0),
(132, 'San Antonio Cañada', 21, 0),
(133, 'San Diego la Mesa Tochimiltzingo', 21, 0),
(134, 'San Felipe Teotlalcingo', 21, 0),
(135, 'San Felipe Tepatlan', 21, 0),
(136, 'San Gabriel Chilac', 21, 0),
(137, 'San Gregorio Atzompa', 21, 0),
(138, 'San Jeronimo Tecuanipan', 21, 0),
(139, 'San Jeronimo Xayacatlan', 21, 0),
(140, 'San Jose Chiapa', 21, 0),
(141, 'San Jose Miahuatlan', 21, 0),
(142, 'San Juan Atenco', 21, 0),
(143, 'San Juan Atzompa', 21, 0),
(144, 'San Martin Texmelucan', 21, 0),
(145, 'San Martin Totoltepec', 21, 0),
(146, 'San Matias Tlalancaleca', 21, 0),
(147, 'San Miguel Ixitlan', 21, 0),
(148, 'San Miguel Xoxtla', 21, 0),
(149, 'San Nicolas Buenos Aires', 21, 0),
(150, 'San Nicolas de los Ranchos', 21, 0),
(151, 'San Pablo Anicano', 21, 0),
(152, 'San Pedro Cholula', 21, 0),
(153, 'San Pedro Yeloixtlahuaca', 21, 0),
(154, 'San Salvador el Seco', 21, 0),
(155, 'San Salvador el Verde', 21, 0),
(156, 'San Salvador Huixcolotla', 21, 0),
(157, 'San Sebastian Tlacotepec', 21, 0),
(158, 'Santa Catarina Tlaltempan', 21, 0),
(159, 'Santa Ines Ahuatempan', 21, 0),
(160, 'Santa Isabel Cholula', 21, 0),
(161, 'Santiago Miahuatlan', 21, 0),
(162, 'Santo Tomas Hueyotlipan', 21, 0),
(163, 'Soltepec', 21, 0),
(164, 'Tecali de Herrera', 21, 0),
(165, 'Tecamachalco', 21, 0),
(166, 'Tecomatlan', 21, 0),
(167, 'Tehuacan', 21, 1),
(168, 'Tehuitzingo', 21, 0),
(169, 'Tenampulco', 21, 0),
(170, 'Teopantlan', 21, 0),
(171, 'Teotlalco', 21, 0),
(172, 'Tepanco de Lopez', 21, 1),
(173, 'Tepango de Rodriguez', 21, 0),
(174, 'Tepatlaxco de Hidalgo', 21, 0),
(175, 'Tepeaca', 21, 0),
(176, 'Tepemaxalco', 21, 0),
(177, 'Tepeojuma', 21, 0),
(178, 'Tepetzintla', 21, 0),
(179, 'Tepexco', 21, 0),
(180, 'Tepexi de Rodriguez', 21, 0),
(181, 'Tepeyahualco', 21, 0),
(182, 'Tepeyahualco de Cuauhtemoc', 21, 0),
(183, 'Tetela de Ocampo', 21, 0),
(184, 'Teteles de Avila Castillo', 21, 0),
(185, 'Teziutlan', 21, 0),
(186, 'Tianguismanalco', 21, 0),
(187, 'Tilapa', 21, 0),
(188, 'Tlachichuca', 21, 0),
(189, 'Tlacotepec de Benito Juarez', 21, 0),
(190, 'Tlacuilotepec', 21, 0),
(191, 'Tlahuapan', 21, 0),
(192, 'Tlaltenango', 21, 0),
(193, 'Tlanepantla', 21, 0),
(194, 'Tlaola', 21, 0),
(195, 'Tlapacoya', 21, 0),
(196, 'Tlapanala', 21, 0),
(197, 'Tlatlauquitepec', 21, 0),
(198, 'Tlaxco', 21, 0),
(199, 'Tochimilco', 21, 0),
(200, 'Tochtepec', 21, 0),
(201, 'Totoltepec de Guerrero', 21, 0),
(202, 'Tulcingo', 21, 0),
(203, 'Tuzamapan de Galeana', 21, 0),
(204, 'Tzicatlacoyan', 21, 0),
(205, 'Venustiano Carranza', 21, 0),
(206, 'Vicente Guerrero', 21, 0),
(207, 'Xayacatlan de Bravo', 21, 0),
(208, 'Xicotepec', 21, 0),
(209, 'Xicotlan', 21, 0),
(210, 'Xiutetelco', 21, 0),
(211, 'Xochiapulco', 21, 0),
(212, 'Xochiltepec', 21, 0),
(213, 'Xochitlan de Vicente Suarez', 21, 0),
(214, 'Xochitlan Todos Santos', 21, 0),
(215, 'Yaonahuac', 21, 0),
(216, 'Yehualtepec', 21, 0),
(217, 'Zacapala', 21, 0),
(218, 'Zacapoaxtla', 21, 0),
(219, 'Zacatlan', 21, 0),
(220, 'Zapotitlan', 21, 0),
(221, 'Zapotitlan de Mendez', 21, 0),
(222, 'Zaragoza', 21, 0),
(223, 'Zautla', 21, 0),
(224, 'Zihuateutla', 21, 0),
(225, 'Zinacatepec', 21, 0),
(226, 'Zongozotla', 21, 0),
(227, 'Zoquiapan', 21, 0),
(228, 'Zoquitlan', 21, 0);

-- --------------------------------------------------------

--
-- Estructura de tabla para la tabla `numerosdomiciliares`
--

CREATE TABLE IF NOT EXISTS `numerosdomiciliares` (
  `idNumero` int(11) NOT NULL AUTO_INCREMENT,
  `numero` varchar(20) COLLATE utf8_spanish_ci NOT NULL,
  `calle` int(11) NOT NULL,
  PRIMARY KEY (`idNumero`),
  KEY `calle_fk` (`calle`)
) ENGINE=InnoDB  DEFAULT CHARSET=utf8 COLLATE=utf8_spanish_ci AUTO_INCREMENT=421 ;

--
-- Volcado de datos para la tabla `numerosdomiciliares`
--

INSERT INTO `numerosdomiciliares` (`idNumero`, `numero`, `calle`) VALUES
(1, '1801', 3),
(2, '3144', 4),
(3, '1266', 5),
(4, '1606', 6),
(5, '706', 8),
(6, '913', 8),
(7, '913', 9),
(8, '2618', 11),
(9, '620', 13),
(10, '10', 37),
(11, '7', 38),
(12, '4', 38),
(13, '9', 38),
(14, '3', 38),
(15, '10', 41),
(16, '7', 41),
(17, '23', 41),
(18, '30', 41),
(19, '4', 44),
(20, '12', 42),
(21, '6', 52),
(22, '17', 48),
(23, '2', 53),
(24, '8', 42),
(25, '68', 54),
(26, '11', 40),
(27, '4', 55),
(28, '20', 42),
(29, '1713', 58),
(30, '1713', 44),
(31, '1906 ', 59),
(32, '1720', 59),
(33, '1701', 60),
(34, '1102', 59),
(35, '2322', 61),
(36, '2322', 62),
(37, '1121', 57),
(38, '1713', 59),
(39, '1117', 63),
(40, '11', 65),
(41, '1533', 71),
(42, '1517', 72),
(43, '320  ', 67),
(44, '1531', 73),
(45, '1513', 74),
(46, '1513', 75),
(47, '307', 68),
(48, '713', 76),
(49, '1517', 64),
(50, '909', 69),
(51, '300', 78),
(52, '160', 79),
(53, '732', 80),
(54, '300', 81),
(55, '1510', 70),
(56, '2344', 82),
(57, '2314', 82),
(58, '2333', 83),
(59, '500', 85),
(60, '2114', 87),
(61, '532', 84),
(62, '1520', 72),
(63, '1115', 63),
(64, '8', 65),
(65, '914', 86),
(66, '1105', 29),
(67, '1913', 88),
(68, '1913', 44),
(69, '1604', 120),
(70, '9', 89),
(71, '111', 109),
(72, '6', 107),
(73, '3207', 90),
(74, '1', 91),
(75, '1', 44),
(76, '1627', 121),
(77, '2515', 33),
(78, '2327', 115),
(79, '2112', 108),
(80, '3005', 93),
(81, '2501', 97),
(82, '1702', 97),
(83, '1323', 127),
(84, '2314', 14),
(85, '9', 112),
(86, '2500', 111),
(87, '2111', 111),
(88, '2111', 44),
(89, '3408', 113),
(90, '1715', 111),
(91, '1140', 114),
(92, '2529', 96),
(93, '2310', 98),
(94, '2331', 115),
(95, '6', 128),
(96, '4', 107),
(97, '3430', 99),
(98, '2513', 118),
(99, '3414', 100),
(100, '3429', 100),
(101, '2324', 111),
(102, '3210', 100),
(103, '7', 116),
(104, '3430', 101),
(105, '2322', 129),
(106, '3408', 102),
(107, '2500', 102),
(108, '3211', 104),
(109, '1909', 105),
(110, '3415', 106),
(111, '2322', 117),
(112, '2530', 119),
(113, '60', 126),
(114, '3416', 104),
(115, '16', 130),
(116, '17', 112),
(117, '1903', 96),
(118, '3307-B', 122),
(119, '3423', 99),
(120, '3415', 103),
(121, '3415', 99),
(122, '9', 131),
(123, '2946', 123),
(124, '11', 132),
(125, '11 A', 44),
(126, '5001', 110),
(127, '3425', 133),
(128, '2946 A', 123),
(129, '2946 A', 44),
(130, '2364-A', 44),
(131, '2008', 134),
(132, '2004', 135),
(133, '1713', 136),
(134, '1315', 10),
(135, '1605', 150),
(136, '1019-C', 173),
(137, '1509', 136),
(138, '1527-D', 153),
(139, '2011', 137),
(140, '1110', 148),
(141, '915', 139),
(142, '838', 140),
(143, '821-4', 141),
(144, '1507', 142),
(145, '2021', 134),
(146, '1504-A', 143),
(147, '1609', 144),
(148, '7', 145),
(149, '1510', 10),
(150, '8214', 174),
(151, '2016', 134),
(152, '1711', 147),
(153, '1523-B', 154),
(154, '809', 141),
(155, '1304', 149),
(156, '1108', 151),
(157, '2008', 137),
(158, '1004-78', 177),
(159, 'EDF 525-2', 156),
(160, '622', 152),
(161, '703', 138),
(162, '1002-B', 178),
(163, '5109-A', 157),
(164, '4912-B', 183),
(165, '5112-B', 157),
(166, '5109-C', 157),
(167, '2314', 185),
(168, '4709- B', 186),
(169, '5109-A', 158),
(170, '2339-B', 161),
(171, '6501 PTO4', 189),
(172, '6501- 4', 154),
(173, '6501- 4', 189),
(174, '2514- A', 167),
(175, '2159- A', 182),
(176, '4714-A', 190),
(177, '3912- A', 168),
(178, '2337-B', 161),
(179, '3904-B', 169),
(180, '2514-A', 163),
(181, '3718-A', 171),
(182, '2109-B', 164),
(183, '3909- B', 166),
(184, '2349', 182),
(185, '2108-B', 165),
(186, '3716-B', 171),
(187, '5111-B', 158),
(188, '5110-B', 157),
(189, '5110-B', 154),
(190, '5114- C', 157),
(191, '3906', 166),
(192, '2503', 182),
(193, '2147', 182),
(194, '2143', 154),
(195, '2163', 182),
(196, '2151', 182),
(197, '6911-A', 191),
(198, '5114-C', 159),
(199, '2343-B', 161),
(200, '51110-C', 159),
(201, '5114-C', 157),
(202, '3702-A', 168),
(203, '3901-A', 172),
(204, '5106-B', 157),
(205, '5108-C', 158),
(206, '2505-A', 192),
(207, '4909-B', 193),
(208, '4114', 195),
(209, '4114', 154),
(210, '3917-B', 196),
(211, '2107-A', 197),
(212, '8', 210),
(213, '906', 218),
(214, '504', 219),
(215, '313', 220),
(216, '424', 221),
(217, '204', 223),
(218, '487', 221),
(219, '572', 236),
(220, '57', 224),
(221, '107', 238),
(222, '10', 225),
(223, '123', 225),
(224, '35', 212),
(225, '19', 239),
(226, '411', 227),
(227, '418', 221),
(228, '49', 213),
(229, '615', 228),
(230, '205', 228),
(231, '411', 221),
(232, '823', 215),
(233, '407', 240),
(234, '314 INT.2', 300),
(235, '20', 221),
(236, '420', 221),
(237, '911', 301),
(238, '5-A ', 302),
(239, '114', 241),
(240, '155', 214),
(241, '13', 303),
(242, '103', 230),
(243, '211', 304),
(244, '542', 302),
(245, '348', 221),
(246, '211', 241),
(247, '455', 231),
(248, '465', 237),
(249, '422', 221),
(250, '3', 217),
(251, '12', 215),
(252, '308', 245),
(253, '260', 212),
(254, '17', 252),
(255, '917- B', 255),
(256, '121', 262),
(257, '911', 256),
(258, '705', 257),
(259, '103', 209),
(260, '111', 305),
(261, '308', 306),
(262, '595', 307),
(263, '313', 247),
(264, '111', 290),
(265, '904', 250),
(266, '7', 243),
(267, '312', 250),
(268, '301', 253),
(269, '301', 252),
(270, '32', 256),
(271, '304', 253),
(272, '411', 259),
(273, '402', 213),
(274, '113', 308),
(275, '434', 254),
(276, '442', 309),
(277, '126', 260),
(278, '126', 261),
(279, '809', 212),
(280, '637', 266),
(281, '443', 267),
(282, '49', 214),
(283, '639', 267),
(284, '66', 277),
(285, '16', 267),
(286, '47', 310),
(287, '836', 267),
(288, '25', 214),
(289, '1104', 276),
(290, '623', 283),
(291, '830', 279),
(292, '22', 213),
(293, '754', 251),
(294, '754', 280),
(295, '713', 281),
(296, '39', 267),
(297, '35', 267),
(298, '810', 215),
(299, '2', 284),
(300, '211', 286),
(301, '831', 287),
(302, '627', 267),
(303, '211', 296),
(304, '122', 298),
(305, '806', 267),
(306, '726', 284),
(307, '810', 297),
(308, '415', 279),
(309, '416', 242),
(310, '612', 267),
(311, '412', 293),
(312, '416', 240),
(313, '127', 260),
(314, '311', 323),
(315, '406', 324),
(316, '44', 325),
(317, '103', 326),
(318, '106', 327),
(319, '211', 328),
(320, '109', 329),
(321, '410', 324),
(322, '158', 330),
(323, '808-1', 329),
(324, '517', 332),
(325, '501', 325),
(326, '105', 333),
(327, '2', 323),
(328, '502', 332),
(329, '313-2', 326),
(330, '525', 336),
(331, '108', 337),
(332, '3-313', 326),
(333, '307', 326),
(334, '508', 332),
(335, '302', 323),
(336, '407', 324),
(337, '212', 341),
(338, '313-1', 326),
(339, '406', 343),
(340, '120', 340),
(341, '504', 332),
(342, '104', 330),
(343, '503-3', 334),
(344, '3-2', 367),
(345, '4', 40),
(346, '3', 55),
(347, '13', 55),
(348, '5', 38),
(349, '6', 54),
(350, '4', 379),
(351, '9', 39),
(352, '14', 42),
(353, '4400', 381),
(354, '5005', 382),
(355, '4407', 383),
(356, '4812', 383),
(357, '4005', 384),
(358, '4606', 385),
(359, '7-37', 386),
(360, '106', 388),
(361, '2408- B', 387),
(362, '3002-B', 389),
(363, '4022', 390),
(364, '4032', 390),
(365, '909', 396),
(366, '4027', 390),
(367, '4019', 391),
(368, '722', 395),
(369, '3807', 394),
(370, '4043', 390),
(371, '4022', 391),
(372, '4011', 392),
(373, '4007', 393),
(374, '700', 396),
(375, '700307 INT-1', 397),
(376, '4017', 398),
(377, '712-2', 399),
(378, '7', 201),
(379, '124', 400),
(380, '132', 314),
(381, '132', 315),
(382, '6', 316),
(383, '23', 317),
(384, '36', 318),
(385, '414-3', 203),
(386, '1013', 318),
(387, '121', 319),
(388, '4', 320),
(389, '22', 322),
(390, '5', 402),
(391, '2806', 403),
(392, '3004', 404),
(393, '2416', 404),
(394, '727', 404),
(395, '731', 404),
(396, '322', 405),
(397, '3025', 406),
(398, '3010', 407),
(399, '112', 408),
(400, '310', 405),
(401, '310', 410),
(402, '2438', 409),
(403, '1808-4', 411),
(404, '144', 412),
(405, '141', 412),
(406, '335', 412),
(407, '1402', 413),
(408, '1808,INT.4A', 411),
(409, '322', 397),
(410, '133-A', 414),
(411, '117-B', 415),
(412, '130-A', 414),
(413, '3-2', 346),
(414, '63', 373),
(415, '6', 355),
(416, '7', 312),
(417, '1497-6', 401),
(418, '306', 416),
(419, '217', 417),
(420, '2416', 420);

-- --------------------------------------------------------

--
-- Estructura de tabla para la tabla `personas`
--

CREATE TABLE IF NOT EXISTS `personas` (
  `idPersona` int(11) NOT NULL AUTO_INCREMENT,
  `sucursal` int(11) NOT NULL DEFAULT '0',
  `registro` datetime NOT NULL,
  `usuario` int(11) NOT NULL DEFAULT '0',
  `nombre` varchar(100) COLLATE utf8_spanish_ci NOT NULL,
  `apaterno` varchar(50) COLLATE utf8_spanish_ci NOT NULL,
  `amaterno` varchar(50) COLLATE utf8_spanish_ci NOT NULL,
  `nacimiento` date NOT NULL,
  `entidad` int(11) NOT NULL DEFAULT '0',
  `curp` varchar(18) COLLATE utf8_spanish_ci NOT NULL,
  `ocr` varchar(13) COLLATE utf8_spanish_ci NOT NULL,
  `sexo` varchar(1) COLLATE utf8_spanish_ci NOT NULL,
  `edoCivil` tinyint(4) NOT NULL DEFAULT '0',
  `telefono` varchar(10) COLLATE utf8_spanish_ci NOT NULL,
  `celular` varchar(10) COLLATE utf8_spanish_ci NOT NULL,
  `domicilio` int(11) NOT NULL DEFAULT '0',
  `conyuge` int(11) NOT NULL DEFAULT '0',
  `aval` int(11) NOT NULL DEFAULT '0',
  `referencia` int(11) NOT NULL DEFAULT '0',
  PRIMARY KEY (`idPersona`)
) ENGINE=InnoDB  DEFAULT CHARSET=utf8 COLLATE=utf8_spanish_ci AUTO_INCREMENT=295 ;

--
-- Volcado de datos para la tabla `personas`
--

INSERT INTO `personas` (`idPersona`, `sucursal`, `registro`, `usuario`, `nombre`, `apaterno`, `amaterno`, `nacimiento`, `entidad`, `curp`, `ocr`, `sexo`, `edoCivil`, `telefono`, `celular`, `domicilio`, `conyuge`, `aval`, `referencia`) VALUES
(1, 1, '2017-11-15 17:10:39', 2, 'JAASIEL', 'MENDEZ', 'MALAGON', '1994-01-22', 21, 'MEMJ940122HPLNLS02', '1954093563992', 'H', 0, '----------', '2381721972', 1, 0, 0, 2),
(2, 1, '2017-11-16 17:50:35', 1, 'EFRAIN ', 'PEREZ', 'HERNANDEZ', '1994-09-14', 21, 'PEHE940914HPLRRF08', '2015131368371', 'H', 0, '', '2381330007', 0, 0, 0, 0),
(3, 1, '2017-11-16 17:57:51', 1, 'JUVENTINO ', 'GARCIA', 'OLIVARES', '1959-09-19', 21, 'GAOJ590919HPLRLV06', '2015134389631', 'H', 1, '', '2381872556', 0, 0, 0, 0),
(4, 1, '2017-11-16 18:03:41', 1, 'SALVADOR ', 'DURAN', 'MARIN ', '1975-11-09', 21, 'DUMS751109HPLRRL06', '2015076423125', 'H', 0, '', '2381422357', 0, 0, 0, 0),
(5, 1, '2017-11-16 18:07:13', 1, 'JESUS JAVIER', 'MONTERROSA', 'LEYVA', '1994-12-02', 21, 'MOLJ941202HPLNVS02', '2015134256675', 'H', 1, '', '2381738051', 0, 0, 0, 0),
(6, 1, '2017-11-16 18:12:23', 1, 'PEDRO DIEGO ', 'NIEVA', 'ROQUE', '1966-10-19', 21, 'NIRP661019HPLVQD06', '2015075338529', 'H', 1, '', '2381786956', 0, 0, 0, 0),
(7, 1, '2017-11-16 18:15:07', 1, 'JESUS', 'CARRILLO', 'SANTOS', '1995-04-01', 21, 'CASJ950401HPLRNS08', '2015135168410', 'H', 1, '', '2383867595', 0, 0, 0, 0),
(8, 1, '2017-11-16 18:20:57', 1, 'FRANCISCO RAMON ', 'VILLATE', 'NIEVES', '1995-01-29', 31, 'VINF950129HVZLVR09', '2015136919548', 'H', 1, '', '2381422456', 0, 0, 0, 0),
(9, 1, '2017-11-16 18:26:03', 1, 'TERESA ARELY', 'CABRERA', 'SANTOS', '1994-09-04', 1, 'CAST940904MPLBNR02', '2015131981905', 'H', 1, '', '2381458017', 0, 0, 0, 0),
(10, 1, '2017-11-16 18:33:42', 1, 'ROSA', 'NIEVA', 'ROJAS', '1983-07-20', 21, 'NIRR830720MPLVJS07', '2015056160417', 'M', 0, '', '2381214141', 0, 0, 0, 0),
(11, 1, '2017-11-16 18:42:24', 1, 'ROCIO', 'CARVAJAL', 'SALAZAR', '1995-09-04', 21, 'CASR950904MPLRLC00', '2015106949878', 'M', 1, '', '2383863291', 0, 0, 0, 0),
(12, 1, '2017-11-16 18:46:14', 1, 'MARIA DEL ROSARIO ', 'CARRILLO ', 'SANTOS', '1984-11-13', 21, 'CASR841113MPLRNS03', '2015109236644', 'M', 1, '', '2381742873', 0, 0, 0, 0),
(13, 1, '2017-11-16 18:54:33', 1, 'BLANCA', 'ROMERO', 'CASTRO', '1986-02-15', 21, 'ROCB860215MPLMSL04', '2015077525087', 'M', 1, '', '2381316525', 0, 0, 0, 0),
(14, 1, '2017-11-16 18:58:08', 1, 'JENNI LUCIA', 'CARRERA', 'MENDOZA', '1992-10-05', 21, 'CAMJ921005ÑPLRNN03', '2015133138919', 'M', 1, '', '2381166838', 0, 0, 0, 0),
(15, 1, '2017-11-16 19:06:48', 1, 'JOSE CRISTIAN ', 'MONTERROSAS', 'JIMENEZ', '1995-11-19', 21, 'MOJC951119HPLNMR09', '2015104694587', 'H', 0, '', '2383901189', 0, 0, 0, 0),
(16, 1, '2017-11-16 19:12:18', 1, 'LUCIA', 'HERNANDEZ', 'MENDOZA ', '1960-09-19', 21, 'HEML600919MPLRNC03', '2015031114702', 'M', 1, '', '2381543506', 0, 0, 0, 0),
(17, 1, '2017-11-16 19:16:08', 1, 'ANGELINA ', 'MORALES', 'GARCIA', '1981-01-28', 21, 'MOGA810128MPLRRN00', '2015000390357', 'M', 1, '', '2381312920', 0, 0, 0, 0),
(18, 1, '2017-11-17 17:40:39', 1, 'DAMIANA ', 'ROMERO ', 'CARBAJAL ', '1978-03-12', 21, 'ROCD780412MPLMRM08', '2015046539789', 'M', 1, '', '2381857912', 0, 0, 0, 0),
(19, 1, '2017-11-17 17:43:39', 1, 'MARGARITA', 'CASTILLO ', 'SANCHEZ', '1956-12-27', 21, 'CASM561227MPLSNR00', '2015024839610', 'M', 1, '', '2381552383', 0, 0, 0, 0),
(20, 1, '2017-11-17 17:46:55', 1, 'IRMA ', 'CARBAJAL ', 'FLORES', '1990-03-05', 21, 'CAFI900305MPLRLR08', '2015084514384', 'M', 0, '', '2381652884', 0, 0, 0, 0),
(21, 1, '2017-11-17 17:50:31', 1, 'AMELIA LORENA', 'OLIVARES', 'GARCIA', '1997-01-05', 1, 'OIGA970105MPLLRM08', '2015105925186', 'M', 0, '', '2381901623', 0, 0, 0, 0),
(22, 1, '2017-11-17 17:57:53', 1, 'EDITH', 'ROSALES', 'NAVARRO', '1995-07-31', 21, 'RONE950731MPLSVD00', '2015117114251', 'M', 1, '', '2381888048', 0, 0, 0, 0),
(23, 1, '2017-11-17 18:12:02', 1, 'RITA COROLINA ', 'CARBAJAL', 'GARCIA', '1979-04-16', 21, 'CAGR790416MPLRRT09', '2015088999324', 'M', 1, '', '2383938111', 0, 0, 0, 0),
(24, 1, '2017-11-17 18:15:11', 1, 'ESTER', 'ALVA', 'JIMENEZ ', '1977-07-01', 21, 'AAJE770701MPLLMS07', '2015076305659', 'M', 1, '', '2381188619', 0, 0, 0, 0),
(25, 1, '2017-11-17 18:19:33', 1, 'RUBI ', 'ROQUE', 'CARBAJAL ', '1992-12-14', 21, 'ROCR921214MPLQRB03', '2015133138912', 'M', 0, '', '2381096883', 0, 0, 0, 0),
(26, 1, '2017-11-17 18:23:15', 1, 'BRENDA ', 'CARVAJAL ', 'MORALES ', '1998-07-21', 21, 'CAMB980721MPLRRR01', '2015106954911', 'M', 0, '', '2381096440', 0, 0, 0, 0),
(27, 1, '2017-11-17 18:25:56', 1, 'JOSE EDUARDO', 'NIEVA', 'BALDERAS', '1999-04-30', 21, 'NIBE990430HPLVLD00', '2015118491510', 'H', 0, '', '2381526189', 0, 0, 0, 0),
(28, 1, '2017-11-17 18:45:46', 1, 'ALICIA RICARDA', 'SANTO ', 'DE LA LUZ ', '1979-07-03', 21, 'SALA790703MPLNZL07', '2015076613457', 'M', 1, '', '2381040872', 0, 0, 0, 0),
(29, 1, '2017-11-17 18:49:17', 1, 'RAYMUNDO ', 'VALERIO ', 'MUÑOZ', '1986-01-06', 21, 'VAMR860106HPLLXY07', '2015121282242', 'H', 1, '', '2381744236', 0, 0, 0, 0),
(30, 1, '2017-11-17 18:54:14', 1, 'LUIS ANGEL ', 'PEREZ', 'HERNANDEZ', '1988-01-06', 21, 'PEHL880106HPLRRS03', '2028080418601', 'H', 1, '', '2382070004', 0, 0, 0, 0),
(31, 1, '2017-11-17 18:57:12', 1, 'MARIA DE LOS ANGELES ', 'CARBAJAL ', 'GOMEZ', '1992-12-23', 21, 'CXGA921023MPLRMN06', '2015133196338', 'M', 1, '', '2381516691', 0, 0, 0, 0),
(32, 1, '2017-11-17 18:59:24', 1, 'ELVIA ', 'NIEVA ', 'RAMIREZ', '1975-11-13', 31, 'NIRE751113MVZVML02', '2015037606925', 'M', 0, '', '2381868535', 0, 0, 0, 0),
(33, 1, '2017-11-18 09:55:55', 1, 'ELIZABETH', 'GARCIA ', 'CASTILLO ', '1981-01-01', 21, 'GACE81010MPLRSL01', '2015063927068', 'M', 0, '', '2381901816', 0, 0, 0, 0),
(34, 1, '2017-11-18 10:01:18', 1, 'ANGELICA', 'JIMENEZ ', 'CORTES', '1974-01-28', 21, 'JICA740128MPLMRN02', '2015075766780', 'M', 1, '', '2381630019', 0, 0, 0, 0),
(35, 1, '2017-11-18 10:04:00', 1, 'REYNA ', 'ROJAS', 'SANCHEZ', '1983-01-06', 20, 'ROSR830106MOCJNY06', '2015106218907', 'M', 1, '', '2381156405', 0, 0, 0, 0),
(36, 1, '2017-11-18 10:06:37', 1, 'CARLOS ', 'GARCIA ', 'CASTILLO', '1991-12-02', 21, 'GACC911202HPLRSR05', '2015125362342', 'H', 1, '', '2381732183', 0, 0, 0, 0),
(37, 1, '2017-11-18 10:08:58', 1, 'EMMA', 'GARCIA ', 'CASTILLO', '1983-01-11', 21, 'GACE830111MPLRSM03', '2015009413549', 'M', 0, '', '2383900731', 0, 0, 0, 0),
(38, 1, '2017-11-18 10:13:09', 1, 'ELVIRA', 'LEYVA', 'BLANCO', '1966-04-25', 21, 'LEBE660425MPLYLL01', '2015076935642', 'M', 0, '', '2381458427', 0, 0, 0, 0),
(39, 1, '2017-11-18 10:17:03', 1, 'ALMA  LILIANA', 'GARCIA ', 'CORTES', '1994-01-29', 21, 'GACA940129MPLRRL01', '2015133154648', 'M', 0, '', '2385937054', 0, 0, 0, 0),
(40, 1, '2017-11-18 10:21:55', 1, 'ELADIA', 'DE LA LUZ', 'MACEDAS', '1957-02-18', 21, 'LUME570218MPLZCL03', '2015118097495', 'M', 0, '', '2381325592', 0, 0, 0, 0),
(41, 1, '2017-11-18 10:32:28', 1, 'ROSA MARIA', 'CARBAJAL ', 'FLORES', '1981-05-15', 21, 'CAFR810515MPLRLS04', '2015001945538', 'M', 0, '', '2384010097', 0, 0, 0, 0),
(42, 1, '2017-11-18 10:35:33', 1, 'LUCIA', 'GARCIA', 'CASTAÑEDA', '1986-11-01', 21, 'GACL861101MPLRSC07', '2015078146702', 'M', 1, '', '2381137712', 0, 0, 0, 0),
(43, 1, '2017-11-18 10:43:52', 1, 'MARIDIANA', 'MARIN', 'MARCELINO', '1988-05-18', 21, 'MAMM880518MPLRRR09', '2015105981764', 'M', 1, '', '2383936333', 0, 0, 0, 0),
(44, 1, '2017-11-18 10:51:57', 1, 'ELIA', 'CEDILLO', 'RAMOS', '1974-07-05', 21, 'CERE740705MPLDML06', '2015075640947', 'M', 1, '', '2381364548', 0, 0, 0, 0),
(45, 1, '2017-11-18 10:54:27', 1, 'FLORENCIA', 'MENDOZA', 'MACEDAS', '1976-01-03', 21, 'MEMF760103MPLNCL05', '2015064686760', 'M', 1, '', '2381035595', 0, 0, 0, 0),
(46, 1, '2017-11-18 11:15:11', 1, 'ROSALBA', 'FLORES', 'NIEVA', '1980-10-10', 21, 'FONR801010MPLLVS09', '2015048129763', 'M', 0, '', '2381625709', 0, 0, 0, 0),
(47, 1, '2017-11-18 11:28:43', 1, 'LEONCIO ', 'DE LA LUZ', 'MACEDAS', '1957-08-01', 21, 'LUML570801HPLZCN09', '2015076661776', 'H', 1, '', '2381115428', 0, 0, 0, 0),
(48, 1, '2017-11-18 11:37:22', 1, 'MATILDE DEL ROSARIO ', 'FLORES', 'ALVARADO ', '1980-05-23', 21, 'FOAM800523MPLLLT08', '2015076892101', 'M', 1, '', '2381313485', 0, 0, 0, 0),
(49, 1, '2017-11-18 11:52:55', 1, 'RAMON ', 'GARCIA ', 'BOLAÑOS', '1986-08-31', 21, 'GABR860831HPLRLM05', '2015075782887', 'H', 0, '', '2381018701', 0, 0, 0, 0),
(50, 1, '2017-11-18 11:56:18', 1, 'TRINIDAD BASILISA', 'BALDERAS', 'LOPEZ', '1954-09-03', 21, 'BALT540903MPLLPR01', '2015128224386', 'M', 1, '', '2381518923', 0, 0, 0, 0),
(51, 1, '2017-11-18 11:59:23', 1, 'ALICIA  ABIGAIL', 'ROMERO ', 'MORENO ', '1994-06-23', 7, 'ROMA940623MMCMRL01', '2015095420060', 'M', 1, '', '2383868332', 0, 0, 0, 0),
(52, 1, '2017-11-18 12:03:19', 1, 'SALVADOR ', 'ROQUE', 'MENDOZA', '1981-10-11', 21, 'ROMS811011HPLQNL04', '2015091202004', 'H', 1, '', '2381422913', 0, 0, 0, 0),
(53, 1, '2017-11-18 12:05:14', 1, 'JUAN PABLO ', 'GUZMAN ', 'FLORES', '1991-03-08', 21, 'GUFJ910308HPLZLN09', '2015120311129', 'H', 1, '', '2381416421', 0, 0, 0, 0),
(54, 1, '2017-11-21 11:36:15', 1, 'ANGEL', 'HUERTA', 'RAMOS', '1959-08-05', 21, 'HURA590805HPLNASNA', '3454738616616', 'H', 3, '', '2381276596', 0, 0, 0, 0),
(56, 1, '2017-11-21 16:28:17', 1, 'RAYMUNDO ', 'CARRILLO', 'QUISTIANO', '1951-03-15', 21, 'CAQR510315HPLRSY06', '2015134180500', 'H', 1, '', '2381152598', 0, 0, 0, 0),
(57, 1, '2017-11-21 16:33:59', 1, 'YOLANDA ', 'PEREZ', 'HERNANDEZ', '1978-12-26', 21, 'PEHY781226MPLRRL08', '2015032948160', 'M', 1, '', '2381552067', 0, 0, 0, 0),
(58, 1, '2017-11-21 16:43:03', 1, 'CRESCENCIA', 'CARBAJAL ', 'SANTIAGO ', '1953-04-19', 21, 'CASC530419MPLRNR06', '2015031114456', 'M', 0, '', '2381704541', 0, 0, 0, 0),
(59, 1, '2017-11-21 16:46:05', 1, 'ERENDY', 'GALVAN ', 'NIEVES', '1998-07-03', 21, 'GANE980703MPLLVR09', '2015106805566', 'M', 0, '', '2381316527', 0, 0, 0, 0),
(60, 1, '2017-11-21 16:48:38', 1, 'MARIA MAGDALENA ROSALINA', 'HERNANDEZ', 'MARIN ', '1974-05-26', 21, 'HEMM740526MPLRRG01', '2015076935641', 'M', 1, '', '2385936094', 0, 0, 0, 0),
(61, 1, '2017-11-21 16:53:46', 1, 'ELIAS', 'GARCIA', 'CONTRERAS', '1994-08-16', 20, 'GACE940816HOCRNL02', '2015133154640', 'H', 1, '', '2381874715', 0, 0, 0, 0),
(62, 1, '2017-11-21 16:56:46', 1, 'RICARDA', 'HERNANDEZ', 'HERNANDEZ', '1974-02-08', 21, 'HEHR740208MPLRRC08', '2015118013643', 'M', 0, '', '2381045457', 0, 0, 0, 0),
(63, 1, '2017-11-21 17:06:00', 1, 'UBALDO ', 'CARVAJAL', 'SALAZAR', '1984-05-16', 21, 'CRSLUB84051621H200', '2015113642048', 'H', 1, '', '2381990783', 0, 0, 0, 0),
(64, 1, '2017-11-21 17:08:13', 1, 'CECILIA', 'PEREZ', 'HERNANDEZ', '1985-06-05', 21, 'PEHC850605MPLRRC02', '2015110094683', 'M', 0, '', '2381222998', 0, 0, 0, 0),
(65, 1, '2017-11-21 17:12:36', 1, 'JUVENTINO', 'MORALES', 'MENDEZ', '1977-01-25', 21, 'MOMJ770125HPLRNV05', '2015063407797', 'H', 0, '', '2381905782', 0, 0, 0, 0),
(66, 1, '2017-11-23 17:52:43', 1, 'JANET', 'CONTRERAS ', 'MORA', '1991-04-17', 20, 'COMJ910417MOCNRN07', '1995089745452', 'M', 1, '', '2381655224', 0, 0, 0, 0),
(67, 1, '2017-11-23 17:54:54', 1, 'NAYELI', 'CRIOLLO', 'SANTOS', '1985-11-14', 21, 'CISN851114MPLRNY02', '2001069468126', 'M', 0, '', '2381706947', 0, 0, 0, 0),
(68, 1, '2017-11-23 17:56:59', 1, 'MARTHA', 'ROMERO', 'TELLEZ', '1990-12-16', 21, 'RPTM901216MPLMLR05', '1995129925330', 'M', 1, '', '2381681714', 0, 0, 0, 0),
(69, 1, '2017-11-23 17:58:57', 1, 'LUIS', 'RODRIGUEZ', 'GONZALEZ', '1980-08-17', 21, 'ROGL800817HPLDNS09', '2006023951070', 'H', 1, '', '2381368871', 0, 0, 0, 0),
(70, 1, '2017-11-23 18:01:35', 1, 'VERONICA', 'CARBAJAL', 'LLAVE', '1995-06-27', 20, 'CALV950627MOCRLR07', '1995096542269', 'M', 1, '', '2381807014', 0, 0, 0, 0),
(71, 1, '2017-11-23 18:17:23', 1, 'SOCORRO ', 'ALVARADO ', 'SANTOS', '1988-07-27', 21, 'AASS880627MPLLNC09', '1996107239385', 'M', 1, '', '2381036398', 0, 0, 0, 0),
(72, 1, '2017-11-23 18:20:25', 1, 'MARGARITA', 'TINOCO', 'TINOCO', '1952-11-16', 21, 'TITM521116MPLNNR06', '2005101510668', 'M', 2, '', '2381304267', 0, 0, 0, 0),
(73, 1, '2017-11-23 18:22:49', 1, 'VICTORIA ', 'MARTINEZ', 'ARANGO', '1989-02-20', 21, 'MAAV890220MPLRRC01', '1995111971338', 'M', 0, '', '2381303628', 0, 0, 0, 0),
(74, 1, '2017-11-23 18:49:05', 1, 'REBECA', 'CERVANTES', 'MALDONADO', '1971-08-19', 21, 'CEMR710819MPLRLB03', '1994031087444', 'M', 1, '', '2383945021', 0, 0, 0, 0),
(75, 1, '2017-11-24 16:15:44', 1, 'JOSE ANTONIO ', 'MARISCAL ', 'QUINTANA ', '1992-10-26', 20, 'MAQA921026HOCRNN00', '1995127228440', 'H', 1, '', '2381632544', 0, 0, 0, 0),
(76, 1, '2017-11-24 16:20:28', 1, 'GAUDENCIO', 'HERNANDEZ', 'RODRIGUEZ', '1969-01-22', 21, 'HERG690122HPLRDD03', '2005003753797', 'H', 1, '', '2381009947', 0, 0, 0, 0),
(77, 1, '2017-11-24 17:02:58', 1, 'LUZ', 'RAMOS', 'ZARATE', '1951-11-23', 20, 'RAZL511123MOCMRZ09', '1995031063465', 'M', 3, '', '2381278216', 0, 0, 0, 0),
(78, 1, '2017-11-24 17:19:36', 1, 'DILMAR NAUNORI', 'LEZAMA', 'ARENAS', '1995-11-18', 21, 'LEAD951118HPLZRL04', '2000136618921', 'H', 1, '', '2381870041', 0, 0, 0, 0),
(79, 1, '2017-11-24 17:22:26', 1, 'FRANCISCO ', 'MATEO ', 'ALFARO', '1993-05-10', 20, 'MAAF930510HOCTLR08', '2006093339536', 'H', 1, '', '2381506076', 0, 0, 0, 0),
(80, 1, '2017-11-24 17:28:37', 1, 'ISRAEL ', 'VELENTIN', 'RODRIGUEZ', '1996-01-25', 31, 'VARI960196HVZLDS06', '1995031040422', 'H', 0, '', '2381808909', 0, 0, 0, 0),
(81, 1, '2017-11-24 17:31:14', 1, 'MARIA INES', 'BELLO', 'VIDAL', '1975-11-11', 21, 'BEVI751111MPLLDN07', '1994032728832', 'M', 1, '', '2381193372', 0, 0, 0, 0),
(82, 1, '2017-11-24 17:35:04', 1, 'ROSALIA ', 'ZUÑIGA', 'CASTILLO ', '1993-09-01', 20, 'ZUCR930901MOCXSS04', '1995132330507', 'M', 0, '', '2381903679', 0, 0, 0, 0),
(83, 1, '2017-11-24 17:37:27', 1, 'SALOME ', 'LEYVA', 'REYES', '1965-06-17', 21, 'LERS650617MPLYY01', '1995094150783', 'M', 3, '', '2381196823', 0, 0, 0, 0),
(84, 1, '2017-11-24 17:40:18', 1, 'ROBERTO ', 'TORRES', 'LEZAMA', '1985-09-17', 21, 'TOLR850917HPLRZB09', '1995068200538', 'H', 1, '', '2381996095', 0, 0, 0, 0),
(85, 1, '2017-11-24 17:42:54', 1, 'HECTOR EDUARDO', 'ACUÑA', 'CORTES', '1993-11-11', 21, 'AUCH931111HPLCRC07', '1991130244468', 'H', 0, '', '2381219078', 0, 0, 0, 0),
(86, 1, '2017-11-24 17:46:58', 1, 'BERTHA JAQUELINE ', 'MENDEZ', 'CRIOLLO', '1998-03-15', 21, 'MECB930315MPLNRR06', '1995106858258', 'M', 1, '', '2381528613', 0, 0, 0, 0),
(87, 1, '2017-11-24 17:51:55', 1, 'JUANA', 'ROMERO', 'TELLEZ', '1988-02-08', 21, 'ROTJ880208MPLMLN09', '1995079231610', 'M', 1, '', '2381418884', 0, 0, 0, 0),
(88, 1, '2017-11-24 17:54:28', 1, 'RHAEMA', 'BALDERAS', 'CRUZ', '1981-07-14', 21, 'BACR810714MPLLRH00', '1995067081021', 'M', 1, '', '2381661166', 0, 0, 0, 0),
(89, 1, '2017-11-24 18:29:13', 1, 'HERMELIDA ', 'RODRIGUEZ', 'NEGRELLOS', '1968-01-28', 21, 'RONH681028MPLDFR09', '2006021972424', 'M', 1, '', '4432546907', 0, 0, 0, 0),
(90, 1, '2017-11-24 18:32:17', 1, 'LETICIA', 'GUTIERREZ', 'GONZALEZ', '1987-01-11', 21, 'GUGL870111MPLTNT05', '1995127454874', 'M', 1, '', '2381276135', 0, 0, 0, 0),
(91, 1, '2017-11-24 18:34:45', 1, 'ELVIRA', 'ZANABRIA', 'GALINDO ', '1978-01-25', 1, 'ZAGE780125MPLNLL02', '2000076734740', 'M', 1, '', '2381035432', 0, 0, 0, 0),
(92, 1, '2017-11-24 18:37:20', 1, 'GABRIELA ESMERALDA', 'MALDONADO ', 'CASTILLO', '1970-09-14', 21, 'MACG700914MPLLSB01', '2006042689122', 'M', 0, '', '2383936147', 0, 0, 0, 0),
(93, 1, '2017-11-24 18:42:37', 1, 'MARIA JOSE ', 'VICTORIA ', 'RAMOS ', '1995-11-03', 21, 'VIRJ951103MPLCMS05', '1962137876516', 'M', 0, '', '2383934483', 0, 0, 0, 0),
(94, 1, '2017-11-24 18:46:59', 1, 'BLANCA ESTELA', 'LOPEZ', 'ARIAS', '1972-01-02', 30, 'LOAB270102MTCPRL06', '2001076078908', 'M', 1, '', '2381635542', 0, 0, 0, 0),
(95, 1, '2017-11-24 19:00:00', 1, 'CANDELARIA', 'SANTOS', 'ANDRADE', '1996-02-02', 21, 'SAAC960202MPLNNN04', '1955136557057', 'M', 0, '', '2381689990', 0, 0, 0, 0),
(96, 1, '2017-11-29 16:50:47', 0, 'RODOLFO', 'FELICIANO ', 'AGUILAR', '1999-01-12', 21, 'FEAR990112HPLLGD08', '1934117760147', 'H', 1, '', '2381426375', 0, 0, 0, 0),
(97, 1, '2017-11-29 16:53:17', 0, 'ARACELI', 'RODRIGUEZ', 'RODRIGUEZ ', '1993-12-20', 21, 'RORA931220MPLDDR09', '1995131564678', 'M', 1, '', '2381174888', 0, 0, 0, 0),
(98, 1, '2017-11-29 16:55:44', 0, 'CELERINO', 'MARTINEZ', 'MARTINEZ', '1981-02-14', 20, 'MAMC810214HOCRRL01', '1962065620766', 'H', 3, '', '2381171961', 0, 0, 0, 0),
(99, 1, '2017-11-29 16:57:46', 0, 'AMADO ', 'ROMERO ', 'PACHECO ', '1977-09-13', 21, 'ROPA770913HPLMCM02', '2011021283107', 'H', 1, '', '2381501026', 0, 0, 0, 0),
(100, 1, '2017-11-29 17:01:58', 0, 'ANA', 'YESCA', 'ALAMEDA', '1989-03-21', 21, 'YEAA890321MPLSLN09', '2000077538638', 'M', 1, '', '2381795627', 0, 0, 0, 0),
(101, 1, '2017-11-29 17:03:54', 0, 'BRENDA', 'DE JESUS ', 'AMADOR ', '1986-10-17', 21, 'JEAB861017MPLSMR09', '1995071434160', 'M', 1, '', '2384011116', 0, 0, 0, 0),
(102, 1, '2017-11-29 17:06:10', 0, 'MARGARITA ', 'CHAVEZ', 'ZUÑIGA', '1986-04-13', 20, 'CAZM860413MOCHXR09', '199510417251', 'M', 1, '', '2381095665', 0, 0, 0, 0),
(103, 1, '2017-11-29 17:08:41', 0, 'GABRIELA ', 'ALVARADO', 'SANTOS', '1991-01-23', 21, 'AASG910123MPLLNB05', '1995091653864', 'M', 1, '', '2381110515', 0, 0, 0, 0),
(104, 1, '2017-11-29 17:23:24', 0, 'ROSARIO ITZEL', 'CABANZO ', 'VAZQUEZ', '1997-10-07', 21, 'CAVR971007MPLBZS00', '1995104623501', 'M', 0, '', '2381380550', 0, 0, 0, 0),
(105, 1, '2017-11-29 17:35:59', 0, 'MAIRA', 'CARREON ', 'PATIÑO', '1977-10-31', 21, 'CAPM771031MPLRTR00', '1996002769810', 'M', 1, '', '2382055684', 0, 0, 0, 0),
(106, 1, '2017-11-29 17:41:02', 0, 'NELI MARLENI', 'TUN', 'DPECH', '1978-08-04', 4, 'TUPN780804MCCNCL08', '1995059964897', 'M', 1, '', '2381494620', 0, 0, 0, 0),
(107, 1, '2017-11-29 17:43:18', 0, 'VICTOR', 'REYES', 'AMADO', '1996-07-23', 21, 'REAV860723HPLYMC01', '2006070942447', 'H', 1, '', '2381512095', 0, 0, 0, 0),
(108, 1, '2017-11-29 17:47:23', 0, 'VERONICA', 'YAÑEZ', 'CARRERA', '1973-02-21', 21, 'YACV730221MPLXRR00', '1884058261070', 'M', 1, '', '2381039585', 0, 0, 0, 0),
(109, 1, '2017-11-29 17:49:35', 0, 'MONICA SILVIA ', 'LEZAMA', 'MARTINEZ', '1957-07-03', 21, 'LEMM570703MPLZRN02', '1976075255840', 'M', 1, '', '2381664133', 0, 0, 0, 0),
(110, 1, '2017-11-29 17:54:23', 0, 'FRANCISCA', 'TELLEZ', 'VAZQUEZ', '1968-10-04', 21, 'TEVF681004MPLLZR02', '1995075623931', 'M', 1, '', '2381156070', 0, 0, 0, 0),
(111, 1, '2017-11-29 17:59:17', 0, 'JOAQUINA', 'ALONSO', 'HERNANDEZ', '1970-07-16', 21, 'AOHJ700816MPLLRQ06', '2001031057707', 'M', 1, '', '2381287003', 0, 0, 0, 0),
(112, 1, '2017-11-29 18:13:02', 0, 'MIRAMY', 'ARENAS', 'NIETO', '1977-10-28', 21, 'AENM771028MPLRTR03', '1995076370845', 'M', 1, '', '2382085590', 0, 0, 0, 0),
(113, 1, '2017-11-29 18:17:20', 0, 'LORENA MARGARITA', 'ROMERO', 'MARTINEZ', '1973-08-10', 21, 'ROML730810MPLMRR09', '2001030338625', 'M', 1, '', '2384096378', 0, 0, 0, 0),
(114, 1, '2017-11-29 18:19:55', 0, 'SILVIA', 'VAZQUEZ', 'ORTIZ', '1968-06-20', 21, 'VAOS680620MPLZRL06', '1995134590312', 'M', 0, '', '2384018192', 0, 0, 0, 0),
(115, 1, '2017-11-29 18:28:58', 0, 'KARINA', 'VIVEROS', 'CARREON', '1996-08-28', 21, 'VICK960828MPLVRR02', '1996103194512', 'M', 0, '', '2381973766', 0, 0, 0, 0),
(116, 1, '2017-11-29 18:32:10', 0, 'ALFONSO PABLO', '-----------', 'NOLASCO', '1964-01-23', 20, 'NOXA640123HOCLXL06', '2000099887812', 'H', 1, '', '2381089046', 0, 0, 0, 0),
(117, 1, '2017-11-29 18:35:42', 0, 'CRISTINA', 'ALONSO', 'HERNANDEZ', '1965-03-07', 21, 'AOHC650307MPLLR03', '2001061346349', 'M', 0, '', '2381106812', 0, 0, 0, 0),
(118, 1, '2017-11-30 18:34:47', 0, ' ROSAELIA  SENORINA', '-----', 'SOLANO', '1956-05-15', 20, 'SOXS560515MOCLXN03', '1992123294012', 'M', 1, '', '2381196346', 0, 0, 0, 0),
(119, 1, '2017-11-30 18:37:06', 0, 'MARTHA KARINA', 'SERRANO', 'LOPEZ', '1998-04-07', 21, 'SELM980407MPLRPR05', '1997107068361', 'M', 0, '', '2381013895', 0, 0, 0, 0),
(120, 1, '2017-11-30 18:39:00', 0, 'CLARA IMELDA', 'MARIN', 'ACEVEDO', '1967-08-12', 31, 'MAAC670812MVZRCL06', '1997075784958', 'M', 0, '', '2381131109', 0, 0, 0, 0),
(121, 1, '2017-11-30 18:58:07', 0, 'FATIMA ', 'OSORIO', 'HUERTA', '1986-09-18', 21, 'OOHF860918MPLSRT06', '1998103442134', 'M', 0, '', '2381861824', 0, 0, 0, 0),
(122, 1, '2017-11-30 19:00:15', 0, 'YANETH', 'ESPINOZA', 'VILLAGOMEZ', '1990-03-18', 1, 'EIVY900318MPLSLN02', '1991118353580', 'M', 1, '', '9513033940', 0, 0, 0, 0),
(123, 1, '2017-11-30 19:03:22', 0, 'EPIFANIA ', 'REYES ', 'CRUZ', '1969-01-20', 21, 'RECE690112MOCYRP06', '2003076496412', 'M', 1, '', '2383932243', 0, 0, 0, 0),
(124, 1, '2017-12-01 17:28:59', 0, 'MARGARITA ', 'RIVERA', 'ARELLANO ', '1950-11-06', 31, 'RIAM501106MPLVRR03', '1997031090009', 'M', 0, '', '2381713681', 0, 0, 0, 0),
(125, 1, '2017-12-01 17:31:07', 0, 'MARGARITA ', 'VEGA', 'BALERIANO', '1937-06-04', 21, 'VEBM370604MPLGLR03', '1991102828764', 'M', 0, '', '2382006036', 0, 0, 0, 0),
(126, 1, '2017-12-01 17:33:15', 0, 'ELIA', 'RIVERA', 'ARELLANO ', '1963-06-20', 31, 'RIAE630620MPLVRL02', '1996011462266', 'M', 0, '', '2381732279', 0, 0, 0, 0),
(127, 1, '2017-12-01 17:35:44', 0, 'LETICIA ', 'TEMOXTLE', 'PANZO ', '1991-01-23', 21, 'TEPL910123MPLMNT08', '1992096290040', 'M', 1, '', '2381974869', 0, 0, 0, 0),
(128, 1, '2017-12-01 17:37:40', 0, 'MARIA DEL ROSARIO ', 'CALIHUA', 'GINEZ', '1990-10-06', 21, 'CAGR901006MPLLNS08', '1994121219388', 'M', 1, '', '2381622419', 0, 0, 0, 0),
(129, 1, '2017-12-01 17:41:39', 0, 'MARIA DEL SAGRARIO', 'PORLEDO', 'PEREZ', '1969-03-30', 21, 'POPS690430MPLLRG02', '1991031088017', 'M', 0, '', '2381626982', 0, 0, 0, 0),
(130, 1, '2017-12-01 17:50:29', 0, 'ARTURO', 'GALLARDO', 'GRANADO', '1978-02-17', 20, 'GAGA780217HOCLRR05', '1991137282197', 'H', 1, '', '2381559578', 0, 0, 0, 0),
(131, 1, '2017-12-01 17:53:07', 0, 'ANA', 'OSORIO', 'HUERTA', '1983-03-14', 21, 'OOHA830214MPLSRN04', '1997025545674', 'M', 0, '', '2381731596', 0, 0, 0, 0),
(132, 1, '2017-12-01 17:56:08', 0, 'JOSE LUIS', 'RIVERA', 'RIVERA', '1974-04-18', 21, 'RIRL740418HPLVVS02', '1938075856792', 'M', 0, '', '2383947488', 0, 0, 0, 0),
(133, 1, '2017-12-01 18:05:01', 0, 'JUAN ANTONIO ', 'ROMERO ', 'ESQUIVEL ', '1970-06-13', 21, 'ROEJ700613HPLMSN02', '1997001875467', 'M', 1, '', '2381277625', 0, 0, 0, 0),
(134, 1, '2017-12-01 18:06:24', 0, 'ANDREA', 'LOPEZ', 'MARIN', '1996-06-02', 21, 'LOMA960602MPLPRN02', '1997099146494', 'M', 1, '', '2381322057', 0, 0, 0, 0),
(135, 1, '2017-12-01 18:09:21', 1, 'LUIS MIGUEL ', 'RAMIREZ', 'PEREZ', '1992-09-16', 21, 'RAPL920916HPLMRS07', '1997106038816', 'H', 1, '', '2381721391', 0, 0, 0, 0),
(136, 1, '2017-12-01 18:11:52', 1, 'EUFRACIA', 'BARBOSA', 'RAMOS ', '1971-03-13', 21, 'BARE710313MOCRMF07', '1992076078861', 'H', 1, '', '2381502170', 0, 0, 0, 0),
(137, 1, '2017-12-01 18:13:53', 1, 'ROGELIO ', 'SANTIAGO ', 'RAMIREZ', '1978-06-19', 21, 'SARR780619HPLNMG06', '1945076640653', 'H', 1, '', '2384089684', 0, 0, 0, 0),
(138, 1, '2017-12-01 18:19:36', 1, 'JERONIMO ', 'MONGE', 'RODRIGUEZ', '1959-09-03', 21, 'MORJ590903HOCNDR06', '1992042104157', 'H', 1, '', '2381094868', 0, 0, 0, 0),
(139, 1, '2017-12-01 18:21:50', 1, 'JERONIMO', 'MONGE', 'RODRIGUEZ', '1959-09-03', 20, 'MORJ590903HOCNDR06', '1992042104157', 'H', 1, '', '2381094868', 0, 0, 0, 0),
(140, 1, '2017-12-01 18:24:35', 1, 'MARCELA JOSEFINA ', 'GONZALEZ', 'MUÑOS', '1972-10-06', 21, 'GOMM721006MPLNXR06', '1991076971019', 'M', 0, '', '2381877768', 0, 0, 0, 0),
(141, 1, '2017-12-02 11:53:55', 1, 'JESSICA ', 'TEMOXTLE', 'PANZO', '1996-04-30', 21, 'TEPJ960430MPLMNS00', '1992103516510', 'M', 0, '', '2381133680', 0, 0, 0, 0),
(142, 1, '2017-12-02 11:56:19', 1, 'YSAURA', 'ROBLES', 'VELAZCO', '1972-11-04', 20, 'ROVY721104MOCBLS02', '1993024510177', 'M', 0, '', '2381364261', 0, 0, 0, 0),
(143, 1, '2017-12-02 12:00:29', 1, 'MARIA DE JESUS', 'RODRIGUEZ', 'ESPINDOLA', '1959-12-25', 21, 'ROEJ591225MPLDSS04', '1995075890150', 'M', 1, '', '2381369020', 0, 0, 0, 0),
(144, 1, '2017-12-02 12:02:38', 1, 'REYNA ', 'CARRERA ', 'ZEPEDA', '1961-12-29', 21, 'CAZR611229MPLRPY03', '1990095533856', 'M', 1, '', '2381998831', 0, 0, 0, 0),
(145, 1, '2017-12-02 12:04:49', 1, 'ANAELDA', 'GARCIA ', 'MORALES', '1971-10-26', 21, 'GAMA711026MPLRRN08', '2001112086757', 'M', 1, '', '2381038978', 0, 0, 0, 0),
(146, 1, '2017-12-02 12:10:32', 1, 'ISIDRA', 'HERNANDEZ', 'RIVERA', '1958-05-15', 31, 'HERI580515MVZRVS03', '2002075940866', 'M', 0, '', '2383110179', 0, 0, 0, 0),
(147, 1, '2017-12-02 12:14:29', 1, 'YOLANDA', 'JIMENEZ', 'HERNANDEZ', '1961-01-14', 21, 'JIHY610114MPLMRL02', '2003031080931', 'M', 0, '', '2381054863', 0, 0, 0, 0),
(148, 1, '2017-12-02 12:19:24', 1, 'ELISA', 'SAYAGO', ' Y MARTINEZ', '1965-06-14', 31, 'SAME650614MVZYRL09', '2002031080335', 'M', 0, '', '2383946449', 0, 0, 0, 0),
(149, 1, '2017-12-02 12:23:14', 1, 'ANTONIO ', 'AVILA', 'BETANZO', '1967-06-13', 21, 'AIBA670613HPLVTN07', '1990059893283', 'H', 0, '', '2381288623', 0, 0, 0, 0),
(150, 1, '2017-12-02 12:28:28', 1, 'MARIA FELIX', 'LEON ', 'GONZALEZ', '1960-05-31', 21, 'GOLF620531MPLNNL08', '1989113029450', 'H', 1, '', '2381120688', 0, 0, 0, 0),
(151, 1, '2017-12-02 12:33:03', 1, 'ESTHER', 'AMADOR', 'AGULAR', '1971-07-01', 21, 'AAAE710701MPLMGS08', '2002031079507', 'M', 0, '', '2382002527', 0, 0, 0, 0),
(152, 1, '2017-12-02 12:36:04', 1, 'MARIA ARACELI ANTONIA', 'SIRIACO', 'SANCHEZ', '1963-02-08', 21, 'SISA630208MPLRNR01', '2003028677229', 'M', 0, '', '2381099379', 0, 0, 0, 0),
(153, 1, '2017-12-02 12:37:59', 1, 'JUAN ', 'MENDEZ', 'DIAZ', '1958-01-12', 21, 'MEDJ580112HPLNZN08', '2004002594400', 'H', 1, '', '2383882424', 0, 0, 0, 0),
(154, 1, '2017-12-02 12:39:44', 1, 'HILDA', 'GUZMAN ', 'GUZMAN ', '1976-08-15', 21, 'GUGH760815MPLZZL04', '1990054943370', 'M', 1, '', '2381195178', 0, 0, 0, 0),
(155, 1, '2017-12-02 12:42:41', 1, 'JAVIER', 'SANTIAGO ', 'DIAZ', '1967-03-03', 21, 'SADJ670303HPLNZV01', '1992031087229', 'H', 1, '', '2382053324', 0, 0, 0, 0),
(156, 1, '2017-12-06 17:35:06', 1, 'MARISOL', 'LOPEZ', 'JUAREZ', '1990-09-26', 21, 'LOJM900926MPLPRR04', '1996127376306', 'M', 0, '', '2385931818', 0, 0, 0, 0),
(157, 1, '2017-12-06 17:36:47', 1, 'ELSA', 'BAZAN ', 'PEREZ', '1953-05-18', 20, 'BAPE530518MOCZRL02', '2002123133805', 'M', 1, '', '2381396226', 0, 0, 0, 0),
(158, 1, '2017-12-06 17:38:12', 1, 'JOSEFINA ', 'SANTIAGO', 'VILLAGOMEZ', '1979-03-19', 21, 'SAVJ790319MPLNLS02', '1990115462763', 'M', 0, '', '2383890600', 0, 0, 0, 0),
(159, 1, '2017-12-06 17:40:36', 1, 'LEONARDO', 'PINEDA', 'VILLANUEVA', '1972-11-06', 21, 'PIVL721106HPLNLN06', '1998046403616', 'M', 0, '', '2381359312', 0, 0, 0, 0),
(160, 1, '2017-12-06 17:42:26', 1, 'DELFINO', 'AGUAS', 'ALBA', '1958-12-10', 21, 'AUAD581210MPLGLL09', '1956036416720', 'M', 0, '', '2381715550', 0, 0, 0, 0),
(161, 1, '2017-12-06 17:44:31', 1, 'MARIA ANTONIA', 'MEDINA', 'ROMERO ', '1966-09-29', 21, 'MERA660929MPLDMN00', '2002137114620', 'M', 1, '', '2381319443', 0, 0, 0, 0),
(162, 1, '2017-12-06 17:46:52', 1, 'MARIA DEL SOCORRO ', 'FLORES', 'GRACIA ', '1983-05-15', 21, 'FOGS830513MPLLRC04', '2002088999102', 'M', 1, '', '2381858375', 0, 0, 0, 0),
(163, 1, '2017-12-06 17:48:24', 1, 'ALEJANDRO ', 'AYALA ', 'FRIAS', '1974-03-12', 21, 'AAFA740312HPLYRL05', '1507031985689', 'H', 1, '', '2381095955', 0, 0, 0, 0),
(164, 1, '2017-12-06 17:50:11', 1, 'ALMA  HILDA ', 'PINEDA', 'VILLANUEVA ', '1977-07-15', 21, 'PIVA770715MPLNLL07', '1977076152247', 'M', 1, '', '2381315330', 0, 0, 0, 0),
(165, 1, '2017-12-06 17:51:42', 1, 'MARIANA ', 'HERNANDEZ', 'MARTINEZ', '1981-05-10', 21, 'HEMM810510MVZRRR02', '2006088999246', 'M', 1, '', '2381052310', 0, 0, 0, 0),
(166, 1, '2017-12-09 10:46:48', 1, 'IRENE', 'REYES ', 'ESCOBEDO', '1972-02-21', 21, 'REEI720221MPLYSR00', '1993060178947', 'M', 0, '', '2381853276', 0, 0, 0, 0),
(167, 1, '2017-12-09 10:49:12', 1, 'ODALIS KARINA', 'RODRIGUEZ', 'SANDOVAL ', '1997-01-28', 21, 'ROSO970128MPLDND02', '1688104118631', 'M', 0, '', '2361178440', 0, 0, 0, 0),
(168, 1, '2017-12-09 11:07:02', 1, 'REYNALDO', 'HERNANDEZ', 'LARA', '1982-05-07', 21, 'HELR820507HPLRRY03', '2002088920486', 'H', 1, '', '2381409088', 0, 0, 0, 0),
(169, 1, '2017-12-09 11:11:03', 1, 'FEDELINA ', 'TAPIA', 'RAMIREZ', '1969-03-23', 21, 'TARF690323MPLPMD05', '2000031073144', 'M', 1, '', '2384081688', 0, 0, 0, 0),
(170, 1, '2017-12-09 11:48:25', 1, 'YULIANA ', 'ALMARAZ', 'GINEZ', '1983-01-26', 21, 'AAGY830120MPLLNL03', '2000090231140', 'M', 1, '', '2381423125', 0, 0, 0, 0),
(171, 1, '2017-12-09 11:53:41', 1, 'DULCE', 'BUSTAMANTE ', 'BELLO ', '1986-11-01', 21, 'BUBD861101MPLSLL06', '2000071700041', 'M', 1, '', '2381778343', 0, 0, 0, 0),
(172, 1, '2017-12-09 11:57:35', 1, 'LEICIA ', 'JIMENEZ ', 'CERQUEDA', '1969-08-16', 20, 'JICL690816MOCMRT07', '2000076840185', 'M', 0, '', '2381714150', 0, 0, 0, 0),
(173, 1, '2017-12-09 12:00:33', 1, 'LUZ ADRIANA', 'CALDERO', 'OSEGUERA', '1993-07-08', 1, 'CAOL930708MOCLSZ03', '2000136167216', 'M', 0, '', '2381287435', 0, 0, 0, 0),
(174, 1, '2017-12-09 12:06:39', 1, 'RUFINA', 'OLIVARES', 'ESPAÑA', '1973-07-19', 21, 'OIER730719MPLLSF05', '2000075624765', 'M', 1, '', '2381101348', 0, 0, 0, 0),
(175, 1, '2017-12-09 12:14:35', 1, 'GUSTAVO  AURELIO', 'RAMOS ', 'RAMOS ', '1967-11-12', 21, 'RARG671112HPLMMS03', '2000111971547', 'H', 1, '', '2381898756', 0, 0, 0, 0),
(176, 1, '2017-12-09 12:18:34', 1, 'CRISTINA', 'CORTES', 'GARCIA ', '1982-11-01', 21, 'COGC821101MPLRRR03', '2000092153431', 'M', 0, '', '2381167141', 0, 0, 0, 0),
(177, 1, '2017-12-09 12:21:12', 1, 'JOAQUIN', 'MARTINEZ', 'VARGAS', '1985-10-24', 21, 'MAVJ851024HPLRRQ05', '2000069330782', 'H', 0, '', '2383864082', 0, 0, 0, 0),
(178, 1, '2017-12-09 12:25:58', 1, 'HORTENCIA ', 'TADEO', 'ZAVALA', '1973-11-11', 21, 'TAZH731111MPLDVR09', '1994075717282', 'H', 1, '', '2381123227', 0, 0, 0, 0),
(179, 1, '2017-12-09 12:35:37', 1, 'NOHEMI', 'SALAZAR', 'BRAVO', '1994-02-13', 21, 'SABN940213MPLLRH08', '2000093629694', 'M', 0, '', '2385938000', 0, 0, 0, 0),
(180, 1, '2017-12-09 12:41:14', 1, 'ARIADNA ', 'RAMOS ', 'OLIVARES', '1991-06-28', 21, 'RAOA910628MPLMLR07', '2000083519757', 'M', 0, '', '2382052015', 0, 0, 0, 0),
(181, 1, '2017-12-09 12:46:22', 1, 'JESSICA IMELDA', 'MAGDALENO ', 'LOPEZ', '1980-06-09', 21, 'MALJ800609MMNGPS05', '2006026255144', 'M', 1, '', '2381332383', 0, 0, 0, 0),
(182, 1, '2017-12-09 12:54:19', 1, 'RICARDO ', 'GUARESTI', 'VELEZ', '1980-04-19', 21, 'GUVR800419HPLRLC02', '2000077712225', 'H', 0, '', '2381095482', 0, 0, 0, 0),
(183, 1, '2017-12-09 12:57:04', 1, 'ADOLFO ', 'RAMOS ', 'OLIVARES', '1993-01-28', 21, 'RAOA930128HPLMLD01', '2000089012353', 'H', 0, '', '2381898757', 0, 0, 0, 0),
(184, 1, '2017-12-09 13:00:05', 1, 'MARGARITA ', 'PEREZ', 'MORALES', '1974-12-27', 21, 'PEMM741227MPLRRR05', '2000019887233', 'M', 1, '', '2381428029', 0, 0, 0, 0),
(185, 1, '2017-12-11 18:10:19', 1, 'FRIDA LUCIA', 'RUEDA', 'CRUZ', '1994-08-31', 31, 'RUCF940831MVZDRR00', '2006096562373', 'M', 0, '', '2223236744', 0, 0, 0, 0),
(186, 1, '2017-12-11 18:18:11', 1, 'RAMON ', 'MORALES', 'AGUILAR ', '1966-08-31', 21, 'MOAR660831HPLRGM06', '2000047502170', 'H', 0, '', '2381858200', 0, 0, 0, 0),
(187, 1, '2017-12-11 18:21:27', 1, 'MARIA DE LA LUZ', 'RAMIREZ', 'GALLARDO ', '1968-05-08', 21, 'RAGL680508MPLMLZ04', '2000031071106', 'M', 1, '', '2381971954', 0, 0, 0, 0),
(188, 1, '2017-12-11 18:23:41', 1, 'ELVIRA ', 'MATA ', 'SUAREZ', '1976-04-29', 31, 'MASE760429MVZTRL08', '2000065701987', 'M', 2, '', '2381161303', 0, 0, 0, 0),
(189, 1, '2017-12-11 18:25:31', 1, 'ANGEL MANUEL ', 'AGUAYO', 'GARCIA ', '1966-06-04', 21, 'AUGA660604HPLGRN08', '2006004748973', 'H', 1, '', '2381013993', 0, 0, 0, 0),
(190, 1, '2017-12-11 18:37:40', 1, 'FIDEL ', 'RAMOS ', 'OLIVARES', '1995-03-27', 21, 'RAOF950327HPLMLD07', '2000134256622', 'H', 1, '', '2381723834', 0, 0, 0, 0),
(191, 1, '2017-12-11 18:51:32', 1, 'ESTEFANIA ', 'HERNANDEZ', 'RAMIREZ', '1952-11-28', 21, 'HERE521128MPLRMS08', '2000031078508', 'M', 3, '', '2381282995', 0, 0, 0, 0),
(192, 1, '2017-12-11 18:57:34', 1, 'ANEL SARAHI', 'ROSAS', 'RIVERA', '1993-12-14', 21, 'RORA931214MPLSVN02', '1955131023834', 'M', 1, '', '5571395454', 0, 0, 0, 0),
(193, 1, '2017-12-11 19:00:51', 1, 'PEDRO ISIDRO ', 'MARTINEZ', 'MENDOZA', '1976-05-15', 21, 'MAMP760515HPLRND01', '2000126014019', 'H', 1, '', '2381274503', 0, 0, 0, 0),
(194, 1, '2017-12-11 19:03:11', 1, 'ROSA', 'CAMACHO ', 'MARTINEZ', '1985-03-31', 21, 'CAMR850331MPLMRS00', '2006094183000', 'M', 1, '', '2381445413', 0, 0, 0, 0),
(195, 1, '2017-12-11 19:05:44', 1, 'ANA LUCERO ', 'TERAN', 'ROSAS', '1996-02-17', 21, 'TERA960217MPLRSN06', '2000137450645', 'M', 0, '', '2381219402', 0, 0, 0, 0),
(196, 1, '2017-12-13 16:08:23', 1, 'REYNALDA', 'MARTINEZ', 'GARCIA ', '1979-01-04', 21, 'MAGR790104MPLRRY05', '2000094180183', 'M', 0, '', '2381124558', 0, 0, 0, 0),
(197, 1, '2017-12-13 16:11:30', 1, 'MARICRUZ', 'TRUJILLO', 'SALDAÑA', '1979-07-27', 31, 'TUSM790727MVZRLR00', '2000065504461', 'M', 0, '', '2381176388', 0, 0, 0, 0),
(198, 1, '2017-12-13 16:21:37', 1, 'GISELA ', 'PEREZ', 'AGUILAR ', '1986-05-07', 20, 'PEAG860507MOCRGS02', '2000072969136', 'M', 0, '', '2381350172', 0, 0, 0, 0),
(199, 1, '2017-12-13 16:23:52', 1, 'ESTEBAN ', 'FLORES', 'DEL ROSARIO ', '1976-11-28', 21, 'FORE761128HPLLSS04', '2000076127979', 'H', 1, '', '2381209689', 0, 0, 0, 0),
(200, 1, '2017-12-13 16:26:45', 1, 'ISAIAS ', 'COELLO', 'HERNANDEZ', '1997-04-11', 21, 'COHI970411HPLLRS09', '0090103060424', 'H', 1, '', '2381179264', 0, 0, 0, 0),
(201, 1, '2017-12-13 16:37:06', 1, 'JOSE RAMON ', 'FIERRO ', 'CID', '1993-08-28', 21, 'FICR930828HPLRDM05', '1938127851632', 'H', 1, '', '2381335230', 0, 0, 0, 0),
(202, 1, '2017-12-16 10:15:20', 1, 'JESSICA YADIRA', 'GARCIA', 'SANDOVAL', '1995-10-13', 21, 'GASJ951013MPLRNS00', '0031135463923', 'M', 1, '', '2361179520', 0, 0, 0, 0),
(203, 1, '2017-12-16 10:21:10', 1, 'MARIA DEL CARMEN ', 'CALVO', 'CACHO ', '1989-11-23', 21, 'CACC891123MPLLCR02', '0085118302299', 'M', 0, '', '2361111868', 0, 0, 0, 0),
(204, 1, '2017-12-16 10:25:05', 1, 'FLOR IZETH', 'GONZALEZ', 'SANDOVAL', '1991-10-05', 21, 'GOSF911005MPLNNL08', '0085089254000', 'M', 0, '', '2361140465', 0, 0, 0, 0),
(205, 1, '2017-12-16 10:30:21', 1, 'CARMEN ', 'MIJAREZ', 'TEQUEXTLE', '1976-11-14', 21, 'MITC761114MPLJQR02', '0082075817975', 'M', 1, '', '2361167232', 0, 0, 0, 0),
(206, 1, '2017-12-16 11:01:00', 1, 'GUADALUPE ', 'VICARIO ', 'TEMAXTE ', '1996-11-23', 21, 'VITG961123MPLCMD03', '0082105883549', 'M', 1, '', '3511130143', 0, 0, 0, 0),
(207, 1, '2017-12-16 11:03:30', 1, 'BEATRIZ ADRANA ', 'CARRERA ', 'OSORIO ', '1981-12-14', 21, 'CAOB811214MPLRST04', '0082119376635', 'M', 2, '', '2361125316', 0, 0, 0, 0),
(208, 1, '2017-12-16 11:05:53', 1, 'RUFINA ', 'RAMON', 'XINCAXTLE', '1967-07-19', 21, 'RAXR670719MPLMNF08', '0100121183903', 'M', 1, '', '2381637261', 0, 0, 0, 0),
(209, 1, '2017-12-16 11:08:06', 1, 'MARIA  DE LAS NIEVES', 'MACEDA', 'RODRIGUEZ', '1994-08-12', 21, 'MARN940812MPLCDV05', '0081131177637', 'M', 1, '', '2361084195', 0, 0, 0, 0),
(210, 1, '2017-12-16 11:10:24', 1, 'JOSE ANDRES', 'TEHUACANERO ', 'ESPINOZA ', '1997-08-07', 21, 'TEEA970807HPLSN06', '0081106625564', 'H', 0, '', '2361139837', 0, 0, 0, 0),
(211, 1, '2017-12-16 11:13:33', 1, 'JULIA', 'TORRES', 'CORTES', '1977-07-30', 21, 'TOCJ770730MPLRRL03', '0080068160311', 'M', 2, '', '2361091434', 0, 0, 0, 0),
(212, 1, '2017-12-16 11:16:20', 1, 'SABINO ', 'CASTRO ', 'TECUA ', '1974-08-28', 21, 'CATS740823HPLSCB09', '0080076222470', 'H', 1, '', '2361185073', 0, 0, 0, 0),
(213, 1, '2017-12-16 11:18:14', 1, 'MIGUEL ANGEL ', 'MAURICIO ', 'SARIANO ', '1980-05-21', 21, 'MASM800521HPLRRG00', '0080130531320', 'H', 0, '', '2361089404', 0, 0, 0, 0),
(214, 1, '2017-12-16 11:20:08', 1, 'MARICELA', 'GARCIA', 'NIETO', '1987-12-25', 21, 'GANM871225MPLRTR04', '0084115314021', 'M', 1, '', '2361226750', 0, 0, 0, 0),
(215, 1, '2017-12-16 11:27:47', 1, 'ARTEMIO', 'DEAQUINO ', 'PANIAGUA', '1980-10-22', 21, 'DEPA801022HPLQNR05', '0080071592639', 'H', 0, '', '2361020197', 0, 0, 0, 0),
(216, 1, '2017-12-16 11:30:47', 1, 'LUCIANO ', 'RODRIGUEZ', 'CASTRO ', '1956-01-07', 21, 'ROCL560107HPLDSC01', '0080075916767', 'H', 1, '', '2361222276', 0, 0, 0, 0),
(217, 1, '2017-12-16 11:34:09', 1, 'MAURICIO ', 'TRUJILLO ', 'FLORES', '1983-07-29', 21, 'TUFM830729HPLRLR02', '0080132515015', 'H', 1, '', '2361225987', 0, 0, 0, 0),
(218, 1, '2017-12-16 11:37:22', 1, 'SOCORRO CRISTINA ', 'MONTALVO ', '-------', '1967-07-01', 21, 'MOXS670701MPLNXC08', '0080134201843', 'M', 0, '', '2361029875', 0, 0, 0, 0),
(219, 1, '2017-12-16 11:40:30', 1, 'ARACELI', 'ABRIL ', 'TEMAXTE', '1999-06-26', 21, 'AITA990626MPLBMR00', '0080119926831', 'M', 0, '', '2361218060', 0, 0, 0, 0),
(220, 1, '2017-12-16 11:42:41', 1, 'BELEN ', 'CASTILLO ', 'CASTILLO', '1992-05-15', 21, 'CACB920515MPLSSL07', '0085092174417', 'M', 0, '', '2381305671', 0, 0, 0, 0),
(221, 1, '2017-12-16 11:45:17', 1, 'HERMELINDA', 'MAURO', 'TEHUACANERO ', '1986-04-08', 21, 'MATH860408MPLRHR07', '0082084864461', 'M', 1, '', '2361171855', 0, 0, 0, 0),
(222, 1, '2017-12-16 11:47:22', 1, 'MARGARITA', 'ZACARIAS', 'TORRES', '1974-11-06', 21, 'ZATM741106MPLCRR05', '0080075814384', 'M', 1, '', '2361092834', 0, 0, 0, 0),
(223, 1, '2017-12-16 11:50:46', 1, 'DIANA NATALY', 'MIJAREZ', 'HERNANDEZ', '1996-07-27', 21, 'MIHD960727MPLJRN07', '0085098894673', 'M', 0, '', '2361047674', 0, 0, 0, 0),
(224, 1, '2017-12-16 11:52:42', 1, 'MARIA ISABEL ', 'TEMAXTE', 'FLORES', '1978-08-02', 21, 'TEFI780802NPLMLS09', '0081076560614', 'M', 1, '', '2361178008', 0, 0, 0, 0),
(225, 1, '2017-12-16 12:09:46', 1, 'REYNA', 'CONTRERAS', 'TECUA', '1983-12-20', 21, 'COTR831220MPLNCY02', '0080135118898', 'M', 0, '', '2361214850', 0, 0, 0, 0),
(226, 1, '2017-12-16 12:12:17', 1, 'MARISOL', 'MONTALVO ', 'COLIN', '1994-06-07', 21, 'MOCM940607MPLNLR11', '0085094069953', 'M', 1, '', '2381419467', 0, 0, 0, 0),
(227, 1, '2017-12-16 12:24:58', 1, 'ORALIA', 'PANIAGUA', 'PAREDES', '1972-01-14', 21, 'PAPO720114MPLNRR05', '0084032383572', 'M', 1, '', '2361026815', 0, 0, 0, 0),
(228, 1, '2017-12-16 12:27:01', 1, 'PETRA', 'TECUA ', 'TORIBIO ', '1951-06-18', 21, 'TETP510618MPLCRT05', '0085100865982', 'M', 3, '', '2361056402', 0, 0, 0, 0),
(229, 1, '2017-12-16 12:30:13', 1, 'MARIA  ELENA ', 'TEPALCATL', 'DAMIAN', '1982-07-22', 21, 'TEDE820722MPLPML06', '0083090214969', 'M', 1, '', '2361204584', 0, 0, 0, 0),
(230, 1, '2017-12-16 12:32:07', 1, 'ALEJANDRA ', 'VALIENTE', 'CASTILLO ', '1949-11-12', 21, 'VXCA491112MPLLSL02', '0082076244229', 'M', 0, '', '2361010463', 0, 0, 0, 0),
(231, 1, '2017-12-16 12:34:39', 1, 'LUIS ENRIQUE', 'TEQUEXTLE', 'TLAQUIZ', '1995-02-26', 21, 'TETL950226HPLQLS00', '0084133138947', 'H', 0, '', '2227758059', 0, 0, 0, 0),
(232, 1, '2017-12-16 12:38:52', 1, 'ELIZABET ALEJANDRA', 'CARREÑO', 'REYNA', '1984-01-31', 21, 'CARE840113MPLRYL05', '0085016389042', 'M', 1, '', '2363812643', 0, 0, 0, 0),
(233, 1, '2017-12-16 12:42:03', 1, 'ADRIANA ', 'JIMENEZ', 'GASPAR', '1981-04-12', 21, 'JIGA810412MPLMSD00', '0084090252878', 'M', 1, '', '2361165439', 0, 0, 0, 0),
(234, 1, '2017-12-16 12:43:46', 1, 'REINA', 'CEDILLO', 'REYES', '1972-01-05', 21, 'CERR720105MPLDYN00', '0084068819344', 'M', 1, '', '2361033662', 0, 0, 0, 0),
(235, 1, '2017-12-16 12:47:18', 1, 'MARIA ELENA ', 'TEMAXTE', 'PANIAGUA', '1996-06-29', 21, 'TEPE960629MPLMNL06', '0081099010385', 'M', 1, '', '2361143215', 0, 0, 0, 0),
(236, 1, '2017-12-16 12:54:12', 1, 'MATILDE', 'TEMAXTE', 'SANCHEZ', '1975-06-10', 21, 'TESM750710MPLMNT02', '0084076497062', 'H', 1, '', '2361138972', 0, 0, 0, 0),
(237, 1, '2017-12-16 12:58:48', 1, 'MARGARITA ', 'TORIBIO', 'MIRANDA', '1979-12-02', 21, 'TOMM791202MPLRRR06', '0085076904198', 'M', 1, '', '2361059036', 0, 0, 0, 0),
(238, 1, '2017-12-16 13:00:54', 1, 'FABIOLA', 'PALANTOC', 'CEDILLO', '1993-01-20', 21, 'PACF930120MPLLDB05', '0084136556903', 'M', 1, '', '2361070857', 0, 0, 0, 0),
(239, 1, '2017-12-18 18:29:26', 1, 'SOLEDAD', 'PACHUCA ', 'MEDINA ', '1995-01-27', 20, 'PAMS950127MOCCDL02', '0085094567067', 'M', 1, '', '2361199241', 0, 0, 0, 0),
(240, 1, '2017-12-18 18:31:34', 1, 'FRANCISCO ', 'REYNA ', 'TORRES', '1977-08-17', 21, 'RETF770817HPLYRR08', '0084076904163', 'H', 1, '', '2361136300', 0, 0, 0, 0),
(241, 1, '2017-12-18 18:34:00', 1, 'SANDRA', '-----', 'LOPEZ', '1961-05-03', 21, 'LOXS610503MPLPXN00', '1934043772765', 'M', 0, '', '2381997573', 0, 0, 0, 0),
(242, 1, '2017-12-18 18:36:41', 1, 'MA DEL CARMEN SOFIA', 'HERNANDEZ', 'BALDERAS', '1969-09-18', 21, 'HEBC690918MPLRLR06', '1941021756764', 'M', 1, '', '2381909564', 0, 0, 0, 0),
(243, 1, '2017-12-18 18:39:47', 1, 'MARIANA JOSEFINA ', 'ROJAS', 'APOLINAR', '1971-02-17', 1, 'ROAM710217MPLJPR08', '1934075969639', 'M', 1, '', '2381040767', 0, 0, 0, 0),
(244, 1, '2017-12-18 18:43:01', 1, 'ALEXIS  ADRIAN ', 'REYES', 'LOPEZ', '1999-11-01', 21, 'RELA991101HPLYPL01', '1942119667288', 'H', 0, '', '2381413918', 0, 0, 0, 0),
(245, 1, '2017-12-18 18:45:29', 1, 'DEBORA ', 'CASTILLO ', 'GOMEZ', '1965-12-04', 1, 'GAGD651204MPLSMB04', '1955120572751', 'H', 3, '', '2381088576', 0, 0, 0, 0),
(246, 1, '2017-12-18 18:48:11', 1, 'JUAN CARLOS', 'SIXTO', 'GARCIA', '1995-02-16', 21, 'SIGJ950216HPLXRN09', '2045094357817', 'H', 1, '', '2381115204', 0, 0, 0, 0),
(247, 1, '2017-12-18 18:51:41', 1, 'KARINA ', 'GIL', 'SANCHEZ', '1979-11-07', 31, 'GISK791107MVZLNR04', '2046005781528', 'M', 0, '', '2381794638', 0, 0, 0, 0),
(248, 1, '2017-12-18 18:53:44', 1, 'FIDEL ', 'SIXTO ', 'GUILLERMO ', '1971-04-24', 21, 'SIGF710424HPLXLD03', '2047030984041', 'H', 1, '', '2381689040', 0, 0, 0, 0),
(249, 1, '2017-12-18 18:58:40', 1, 'SOFIA', 'REYES', 'MENDEZ', '1966-02-09', 21, 'REMS660209MPLYNN06', '2045030982849', 'M', 1, '', '2381701042', 0, 0, 0, 0),
(250, 1, '2017-12-18 19:00:26', 1, 'MARIA FERNANDA', 'JUAREZ', 'ALMEIDA', '1997-06-16', 31, 'JUAF970616MVZRLR05', '2008104740587', 'M', 1, '', '2381880220', 0, 0, 0, 0),
(251, 1, '2017-12-19 17:15:56', 1, 'MADAI', 'OLTEHUA', 'XOTIANIHUA', '1998-04-05', 31, 'OEXM980405MVZLTD09', '2046117223759', 'M', 1, '', '2721984118', 0, 0, 0, 0),
(252, 1, '2017-12-19 17:17:38', 1, 'HERMELINDA ', 'SANCHEZ', 'ROMERO ', '1977-10-28', 21, 'SARH771028MPLNMR01', '2046000756603', 'M', 0, '', '2381869376', 0, 0, 0, 0),
(253, 1, '2017-12-19 17:19:59', 1, 'EFREN', 'ROSAS', 'CRUZ', '1978-06-18', 21, 'ROCE780618HPLSF03', '2046091243228', 'H', 1, '', '2381219075', 0, 0, 0, 0),
(254, 1, '2017-12-19 17:21:32', 1, 'GERARDO ', 'MORALES ', 'MORA ', '1978-04-10', 21, 'MOMG780410HPLRRR01', '1936076272598', 'H', 1, '', '2381516076', 0, 0, 0, 0),
(255, 1, '2017-12-19 17:24:34', 1, 'CAYETANO MARTIN ', 'CARRERA', 'CARLOS ', '1982-08-07', 21, 'CACC820807HPLRRY02', '1887091266223', 'H', 1, '', '2381821445', 0, 0, 0, 0),
(256, 1, '2017-12-19 17:27:12', 1, 'GRISELDA', 'VICTORIA ', 'MONTALVO ', '1993-04-22', 21, 'VIMG930422MPLCNR09', '1936091373403', 'M', 1, '', '2381666061', 0, 0, 0, 0),
(257, 1, '2017-12-19 17:29:00', 1, 'BRIJIDA', 'CHAVEZ', 'MARTINEZ', '1981-03-22', 21, 'CAMB810322MOCHRR07', '1936076864802', 'M', 1, '', '2382019640', 0, 0, 0, 0),
(258, 1, '2017-12-20 17:25:02', 1, 'JUVENTINO MARTIN ', 'CARRERA', 'DE SANTIAGO ', '1959-01-25', 21, 'CASJ590125HPLRNV00', '1887031101470', 'H', 1, '', '2381355857', 0, 0, 0, 0),
(259, 1, '2017-12-20 17:27:38', 1, 'ALVA', 'CORREA ', '-----', '1958-11-05', 20, 'COXA581105MOCRXL01', '1936137475111', 'M', 3, '', '2381794886', 0, 0, 0, 0),
(260, 1, '2017-12-20 17:37:12', 1, 'EVA', 'RAMOS', 'AGUILAR', '1964-10-06', 21, 'RAAE641006MCSMGV00', '1887076627307', 'M', 0, '', '2381413593', 0, 0, 0, 0),
(261, 1, '2017-12-20 17:38:55', 1, 'MOISES', 'PRADO', 'CASTRO', '1999-03-14', 21, 'PACM990314HPLRSS01', '1887117892387', 'H', 0, '', '2381127166', 0, 0, 0, 0),
(262, 1, '2017-12-20 17:44:54', 1, 'JUAN ', 'FLORES ', 'TRUJILLO', '1983-01-20', 21, 'FOTJ830120HPLLRN08', '1999091211551', 'H', 1, '', '2381858079', 0, 0, 0, 0),
(263, 1, '2017-12-20 17:49:53', 1, 'MARTHA', 'MEDINA', 'GARCIA', '1966-12-08', 16, 'MEGM661208MMNDRR03', '2006094806959', 'M', 0, '', '2381330290', 0, 0, 0, 0),
(264, 1, '2017-12-20 17:53:14', 1, 'EDUARDO ', 'ESTEVEZ', 'PINEDA', '1955-10-12', 21, 'EEPE551012HPLSND09', '2006096204887', 'H', 1, '', '2383888592', 0, 0, 0, 0),
(265, 1, '2017-12-20 18:20:46', 1, 'LEOPOLDO ', 'JUAREZ', 'RAMIREZ', '1982-07-09', 21, 'JURL820709HPLRMP02', '1995090288723', 'H', 1, '', '2381108415', 0, 0, 0, 0),
(266, 1, '2017-12-20 18:24:41', 1, 'MARTHA DOLORES', 'CARRERA', 'NAVARRETE ', '1965-02-23', 21, 'CANM650223MPLRVR02', '1986079241087', 'M', 0, '', '2381713853', 0, 0, 0, 0),
(267, 1, '2017-12-20 18:26:44', 1, 'PEDRO ', 'ORTIZ', 'BOLAÑOS', '1979-03-14', 21, 'OIBP790314HPLRLD07', '1986076584256', 'H', 1, '', '2381004573', 0, 0, 0, 0),
(268, 1, '2017-12-20 18:29:47', 1, 'LUCIA', 'FLORES', 'DE JESUS ', '1981-02-15', 21, 'FOJL810215MPLLSC03', '2000045906000', 'M', 1, '', '2381774354', 0, 0, 0, 0),
(269, 1, '2017-12-20 18:42:05', 1, 'NATALIA ROCIO ', 'LOPEZ', 'ESTRADA', '1966-12-10', 21, 'LOEN661210MPLPST02', '1997015926373', 'M', 1, '', '2381654970', 0, 0, 0, 0),
(270, 1, '2017-12-20 18:46:49', 1, 'LAURA', 'SANDOVAL', 'CORDOBA', '1972-10-17', 21, 'SACL721017MPLNRR07', '1997015506819', 'M', 0, '', '2381025347', 0, 0, 0, 0),
(271, 1, '2017-12-20 18:48:32', 1, 'LETICIA', 'ALCANTARA', 'SANDOVAL', '1992-07-27', 21, 'AASL920727MPLLNT08', '1997123765035', 'M', 1, '', '2381274719', 0, 0, 0, 0),
(272, 1, '2017-12-20 18:51:10', 1, 'SANDRA', 'CAMARILLO', 'MONTIEL ', '1972-10-11', 21, 'CAMS721011MPLMNN07', '1961055384025', 'M', 0, '', '2381316288', 0, 0, 0, 0),
(273, 1, '2017-12-20 18:53:02', 1, 'ORTENCIA ', 'JIMENEZ', 'JIMENEZ', '1979-01-11', 21, 'JIJO790111MOCMMR03', '1993106532365', 'M', 1, '', '2381128630', 0, 0, 0, 0),
(274, 1, '2017-12-22 17:15:13', 1, 'IRENE', 'VALDIVIA', 'LORZA', '1979-07-25', 21, 'VALI790725MPLLRR06', '1991031705155', 'M', 1, '', '2381509375', 0, 0, 0, 0),
(275, 1, '2017-12-22 17:18:25', 1, 'CLAUDIA MONSERRATH', 'SACARIAS', 'LARA', '1982-04-07', 21, 'SALC820407MPLCRL08', '1965104304102', 'M', 1, '', '2386907227', 0, 0, 0, 0),
(276, 1, '2017-12-22 17:20:29', 1, 'MARGARITA', 'LEZAMA ', 'RAMIREZ', '1956-06-10', 21, 'LERM560610MPLZMR06', '1965020100233', 'M', 0, '', '2381559029', 0, 0, 0, 0),
(277, 1, '2017-12-22 17:28:42', 1, 'JOSE ANTONIO ', 'CASTILLO ', 'SORIANO ', '1995-06-16', 21, 'CASA750716HPLSRN06', '2006057721864', 'H', 1, '', '2381522704', 0, 0, 0, 0),
(278, 1, '2017-12-22 17:31:39', 1, 'AGUSTINA ', 'CONTRERAS ', 'LOPEZ', '1963-05-28', 21, 'CXLA630528MPLNPG09', '2000119505222', 'M', 1, '2381383887', '2381030742', 0, 0, 0, 0),
(279, 1, '2017-12-22 17:33:24', 1, 'VERONICA ', 'LOPEZ', 'ESCOBEDO ', '1993-02-12', 21, 'LOEV930212MPLPSR04', '1960125637617', 'M', 1, '', '2382006726', 0, 0, 0, 0),
(280, 1, '2017-12-22 17:35:27', 1, 'BLAS  RUTILO ', 'CASTRO ', 'MARTINEZ', '1955-02-03', 21, 'CAMB550203HPLSRL09', '1952024306933', 'H', 1, '', '2721244171', 0, 0, 0, 0),
(281, 1, '2017-12-22 17:37:33', 1, 'ERICA ', 'MEDRANO ', 'AMAYO ', '1992-06-25', 21, 'MEAE920625MPLDMR02', '1963098498686', 'M', 1, '', '2381064751', 0, 0, 0, 0),
(282, 1, '2017-12-22 17:39:12', 1, 'ANA LAURA ', 'DOMINGUEZ', 'GARCIA', '1990-01-02', 21, 'DOGA900102MPLMRN05', '1963112833888', 'M', 0, '', '2383891443', 0, 0, 0, 0),
(283, 1, '2017-12-22 17:41:47', 1, 'JOSEFINA ', 'HUERTA ', 'MILA', '1948-01-06', 30, 'HUMJ480106MTLRLS02', '1974031071592', 'M', 0, '', '2383836095', 0, 0, 0, 0),
(284, 1, '2017-12-22 17:43:58', 1, 'MAYRA', 'MARTINEZ', 'GAMEZ', '1992-10-08', 21, 'MAGM921008MPLRMY05', '1986125035064', 'M', 1, '2381897938', '2721185344', 0, 0, 0, 0),
(285, 1, '2017-12-22 17:45:38', 1, 'GLORIA', 'RODRIGUEZ', 'NAVA', '1967-02-25', 21, 'RONG670325MPLDVL00', '1979040178421', 'M', 1, '', '2381975978', 0, 0, 0, 0),
(286, 1, '2017-12-22 17:47:25', 1, 'MARIA  DEL CARMEN ', 'GONZALEZ', 'DAMIAN ', '1965-07-16', 1, 'GODC650716MPLNMR08', '2005099988877', 'M', 0, '', '2381876977', 0, 0, 0, 0),
(287, 1, '2017-12-22 17:49:43', 1, 'ANAELDA', 'GARCIA ', 'MORALES', '1971-10-26', 21, 'GAMA711026MPLRRN08', '200112086757', 'M', 1, '', '2381038978', 0, 0, 0, 0),
(288, 1, '2017-12-22 17:51:10', 1, 'JUAN ', 'MENDEZ', 'DIAZ', '1958-01-12', 21, 'MEDJ580112HPLNZN08', '2004002594400', 'H', 1, '', '2381038978', 0, 0, 0, 0),
(289, 1, '2017-12-22 17:53:15', 1, 'ESTHER', 'AMADOR ', 'AGUILAR ', '1971-07-01', 21, 'AAAE710701MPLMGS08', '2002031079507', 'M', 0, '', '3237386693', 0, 0, 0, 0),
(290, 1, '2017-12-22 17:55:42', 1, 'ISABEL ', 'DE LA LUZ', 'RODRIGUEZ', '1961-06-08', 21, 'LURI610608MPLZDS09', '2015013037750', 'M', 1, '', '2381305743', 0, 0, 0, 0),
(291, 1, '2017-12-22 17:57:31', 1, 'LEONCIO ', 'DE LA LUZ', 'MACEDAS', '1957-08-01', 21, 'LUML570801HPLZCN09', '2015076661716', 'H', 1, '', '2382000961', 0, 0, 0, 0),
(292, 1, '2017-12-22 17:59:07', 1, 'ELIA ', 'CEDILLO ', 'RAMOS ', '1974-07-05', 21, 'CERE740705MPLDML06', '2015075640947', 'M', 1, '', '2381364548', 0, 0, 0, 0),
(293, 1, '2017-12-22 18:01:43', 1, 'RAYMUNDO ', 'CARRILLO ', 'QUISTIANO', '1951-03-15', 21, 'CAQR510315HPLRSY06', '2015134180500', 'H', 1, '', '2381867547', 0, 0, 0, 0),
(294, 1, '2017-12-22 18:26:05', 1, 'EPIFANIA', 'PASTOR', 'CRISTINO', '1979-04-07', 21, 'PACE790407MPLSRP09', '1947076645955', 'M', 1, '----------', '2381512594', 2, 0, 0, 0);

--
-- Disparadores `personas`
--
DROP TRIGGER IF EXISTS `copiar_historial_personas`;
DELIMITER //
CREATE TRIGGER `copiar_historial_personas` BEFORE UPDATE ON `personas`
 FOR EACH ROW INSERT INTO historial_personas (`idPersona`, modificacion, usuario, `nombre`, `apaterno`, `amaterno`, `nacimiento`, `entidad`, `curp`, `ocr`, `sexo`, `edoCivil`, `telefono`, `celular`, `domicilio`, `conyuge`, `aval`, `referencia`) VALUES (old.idPersona, now(), old.usuario, old.nombre, old.apaterno, old.amaterno, old.nacimiento, old.entidad, old.curp, old.ocr, old.sexo, old.edoCivil, old.telefono, old.celular, old.domicilio, old.conyuge, old.aval, old.referencia)
//
DELIMITER ;

-- --------------------------------------------------------

--
-- Estructura de tabla para la tabla `staff`
--

CREATE TABLE IF NOT EXISTS `staff` (
  `idStaff` int(11) NOT NULL AUTO_INCREMENT,
  `idPersona` int(11) NOT NULL,
  `cargo` int(11) NOT NULL,
  `estudios` int(11) NOT NULL,
  `departamento` int(11) NOT NULL,
  `sucursal` int(11) NOT NULL,
  PRIMARY KEY (`idStaff`)
) ENGINE=InnoDB  DEFAULT CHARSET=latin1 AUTO_INCREMENT=2 ;

--
-- Volcado de datos para la tabla `staff`
--

INSERT INTO `staff` (`idStaff`, `idPersona`, `cargo`, `estudios`, `departamento`, `sucursal`) VALUES
(1, 294, 0, 6, 1, 1);

-- --------------------------------------------------------

--
-- Estructura de tabla para la tabla `sucursales`
--

CREATE TABLE IF NOT EXISTS `sucursales` (
  `idSucursal` int(11) NOT NULL AUTO_INCREMENT,
  `sucursal` varchar(100) COLLATE utf8_spanish_ci NOT NULL,
  PRIMARY KEY (`idSucursal`)
) ENGINE=InnoDB  DEFAULT CHARSET=utf8 COLLATE=utf8_spanish_ci AUTO_INCREMENT=3 ;

--
-- Volcado de datos para la tabla `sucursales`
--

INSERT INTO `sucursales` (`idSucursal`, `sucursal`) VALUES
(1, 'Tehuacán'),
(2, 'Zacatelco');

-- --------------------------------------------------------

--
-- Estructura de tabla para la tabla `tiposUsuario`
--

CREATE TABLE IF NOT EXISTS `tiposUsuario` (
  `idTipoUsuario` int(11) NOT NULL AUTO_INCREMENT,
  `tipo` varchar(50) NOT NULL,
  PRIMARY KEY (`idTipoUsuario`)
) ENGINE=InnoDB  DEFAULT CHARSET=latin1 AUTO_INCREMENT=9 ;

--
-- Volcado de datos para la tabla `tiposUsuario`
--

INSERT INTO `tiposUsuario` (`idTipoUsuario`, `tipo`) VALUES
(1, 'Administación'),
(2, 'Contabilidad'),
(3, 'Recursos Humanos'),
(4, 'Gerencia Operativa'),
(5, 'Diseño'),
(6, 'Metodología'),
(7, 'Sistemas informáticos'),
(8, 'Administración de cartera');

-- --------------------------------------------------------

--
-- Estructura de tabla para la tabla `tipo_asentamiento`
--

CREATE TABLE IF NOT EXISTS `tipo_asentamiento` (
  `idTipoAsentamiento` int(11) NOT NULL AUTO_INCREMENT,
  `tipoAsentamiento` varchar(100) COLLATE utf8_spanish_ci NOT NULL,
  PRIMARY KEY (`idTipoAsentamiento`),
  KEY `idTipoAsentamiento` (`idTipoAsentamiento`)
) ENGINE=InnoDB  DEFAULT CHARSET=utf8 COLLATE=utf8_spanish_ci AUTO_INCREMENT=14 ;

--
-- Volcado de datos para la tabla `tipo_asentamiento`
--

INSERT INTO `tipo_asentamiento` (`idTipoAsentamiento`, `tipoAsentamiento`) VALUES
(1, 'Unidad habitacional'),
(2, 'Colonia'),
(3, 'Fraccionamiento'),
(4, 'Residencial'),
(5, 'Estacion'),
(6, 'Conjunto habitacional'),
(7, 'Zona industrial'),
(8, 'Barrio'),
(9, 'Pueblo'),
(10, 'Condominio'),
(11, 'Exhacienda'),
(12, 'Ejido'),
(13, 'Aeropuerto');

-- --------------------------------------------------------

--
-- Estructura de tabla para la tabla `tipo_domicilio`
--

CREATE TABLE IF NOT EXISTS `tipo_domicilio` (
  `idTipoDomicilio` int(11) NOT NULL AUTO_INCREMENT,
  `tipo` varchar(50) COLLATE utf8_spanish_ci NOT NULL,
  PRIMARY KEY (`idTipoDomicilio`),
  KEY `idTipoDomicilio` (`idTipoDomicilio`)
) ENGINE=InnoDB  DEFAULT CHARSET=utf8 COLLATE=utf8_spanish_ci AUTO_INCREMENT=4 ;

--
-- Volcado de datos para la tabla `tipo_domicilio`
--

INSERT INTO `tipo_domicilio` (`idTipoDomicilio`, `tipo`) VALUES
(1, 'Propia'),
(2, 'Rentada'),
(3, 'Prestada');

-- --------------------------------------------------------

--
-- Estructura de tabla para la tabla `tipo_estudios`
--

CREATE TABLE IF NOT EXISTS `tipo_estudios` (
  `idTipoEstudios` int(11) NOT NULL AUTO_INCREMENT,
  `estudios` varchar(100) COLLATE utf8_spanish_ci NOT NULL,
  PRIMARY KEY (`idTipoEstudios`)
) ENGINE=InnoDB  DEFAULT CHARSET=utf8 COLLATE=utf8_spanish_ci AUTO_INCREMENT=10 ;

--
-- Volcado de datos para la tabla `tipo_estudios`
--

INSERT INTO `tipo_estudios` (`idTipoEstudios`, `estudios`) VALUES
(1, 'Primaria'),
(2, 'Secundaria'),
(3, 'Preparatoria/Bachillerato'),
(4, 'Técnico Bachiller'),
(5, 'Técnico Superior Universitario'),
(6, 'Licenciatura'),
(7, 'Ingeniería'),
(8, 'Maestría'),
(9, 'Doctorado');

-- --------------------------------------------------------

--
-- Estructura de tabla para la tabla `usuarios`
--

CREATE TABLE IF NOT EXISTS `usuarios` (
  `idUsuario` int(11) NOT NULL AUTO_INCREMENT,
  `usuario` varchar(20) CHARACTER SET utf8 COLLATE utf8_spanish_ci NOT NULL,
  `password` varchar(50) CHARACTER SET utf8 COLLATE utf8_spanish_ci NOT NULL,
  `tipo` int(11) NOT NULL,
  `idStaff` int(11) NOT NULL,
  `idSucursal` int(11) NOT NULL,
  PRIMARY KEY (`idUsuario`)
) ENGINE=InnoDB  DEFAULT CHARSET=latin1 AUTO_INCREMENT=3 ;

--
-- Volcado de datos para la tabla `usuarios`
--

INSERT INTO `usuarios` (`idUsuario`, `usuario`, `password`, `tipo`, `idStaff`, `idSucursal`) VALUES
(1, 'fany', 'admin', 1, 1, 1),
(2, 'patricia', 'admin', 1, 1, 1);

--
-- Restricciones para tablas volcadas
--

--
-- Filtros para la tabla `colonias`
--
ALTER TABLE `colonias`
  ADD CONSTRAINT `colonias_ibfk_1` FOREIGN KEY (`municipio`) REFERENCES `municipios` (`idMunicipio`) ON UPDATE CASCADE,
  ADD CONSTRAINT `colonias_ibfk_2` FOREIGN KEY (`asentamiento`) REFERENCES `tipo_asentamiento` (`idTipoAsentamiento`) ON DELETE NO ACTION ON UPDATE CASCADE;

--
-- Filtros para la tabla `domicilios`
--
ALTER TABLE `domicilios`
  ADD CONSTRAINT `domicilios_ibfk_1` FOREIGN KEY (`calle`) REFERENCES `calles` (`idCalle`) ON DELETE NO ACTION ON UPDATE CASCADE,
  ADD CONSTRAINT `domicilios_ibfk_2` FOREIGN KEY (`colonia`) REFERENCES `colonias` (`idColonia`) ON DELETE NO ACTION ON UPDATE CASCADE,
  ADD CONSTRAINT `domicilios_ibfk_3` FOREIGN KEY (`numero`) REFERENCES `numerosdomiciliares` (`idNumero`) ON DELETE NO ACTION ON UPDATE CASCADE,
  ADD CONSTRAINT `domicilios_ibfk_4` FOREIGN KEY (`tipo`) REFERENCES `tipo_domicilio` (`idTipoDomicilio`) ON DELETE NO ACTION ON UPDATE CASCADE,
  ADD CONSTRAINT `domicilios_ibfk_5` FOREIGN KEY (`calle1`) REFERENCES `calles` (`idCalle`) ON DELETE NO ACTION ON UPDATE CASCADE,
  ADD CONSTRAINT `domicilios_ibfk_6` FOREIGN KEY (`calle2`) REFERENCES `calles` (`idCalle`) ON DELETE NO ACTION ON UPDATE CASCADE;

--
-- Filtros para la tabla `municipios`
--
ALTER TABLE `municipios`
  ADD CONSTRAINT `municipios_ibfk_1` FOREIGN KEY (`estado`) REFERENCES `estados` (`idEstado`) ON DELETE NO ACTION ON UPDATE CASCADE;

/*!40101 SET CHARACTER_SET_CLIENT=@OLD_CHARACTER_SET_CLIENT */;
/*!40101 SET CHARACTER_SET_RESULTS=@OLD_CHARACTER_SET_RESULTS */;
/*!40101 SET COLLATION_CONNECTION=@OLD_COLLATION_CONNECTION */;
